"","V1","V2","V3"
"1",0,0,0
"2",-0.130272896494716,0.108879043720663,-0.926813557278365
"3",-0.213941705878824,-0.078548972029239,-0.0488785649649799
"4",-0.722198794595897,0.578606389462948,0.117434972431511
"5",0.648770944215357,-0.485122709535062,-0.147303260397166
"6",-0.866618494037539,0.117334581445903,0.367277003359050
"7",-0.148316754028201,0.356715897563845,-0.369202516973019
"8",-0.799656386021525,-0.33442864427343,0.410085602197796
"9",-0.0238533345982432,0.345872435718775,-0.0909188496880233
"10",-0.320634037721902,0.170573125127703,0.0847810190171003
"11",-0.350797521416098,0.372860158793628,0.0101244547404349
"12",-0.389022937044501,0.488965311087668,-0.397148814518005
"13",-0.599026403855532,-0.0403280733153224,0.0789158940315247
"14",-0.730762150138617,0.287818649318069,-0.321077746804804
"15",-0.00836754497140646,0.147386094089597,0.970822609495372
"16",0.868887454736978,-0.179199909325689,0.240176647901535
"17",-0.137989521026611,0.777815507724881,0.575724279042333
"18",-0.603238186333328,0.237376497127116,-0.720386764034629
"19",-0.566027091350406,-0.0568199083209038,0.32285392889753
"20",0.56715862127021,0.477704814169556,0.279106387402862
"21",-0.210902777034789,0.232508165296167,-0.0536407860927284
"22",0.718118358869106,-0.36011276114732,0.078025575261563
"23",0.740692103747278,-0.0374804250895977,0.505848988424987
"24",0.166009836364537,0.191371996887028,-0.254190926905721
"25",-0.603143384214491,-0.20127104409039,-0.68071816302836
"26",0.558093286119401,0.572422801051289,0.0268063540570438
"27",-0.175872435793281,0.183765776921064,0.372345550917089
"28",0.601156029850245,-0.474614754319191,0.272552580572665
"29",-0.522885067854077,0.00585305318236351,0.778421218506992
"30",-0.732489536050707,0.180979265831411,0.342786343768239
"31",0.419371076859534,-0.892529080621898,-0.0645874962210655
"32",0.179317475296557,0.545644552446902,-0.114498155657202
"33",-0.672232765238732,-0.00609146943315864,0.460810571908951
"34",-0.372788536828011,0.0620830138213933,0.0851082485169172
"35",0.471306345425546,0.683153304737061,-0.201273552142084
"36",-0.154608755838126,-0.574926136061549,0.772581816650927
"37",0.351445083506405,-0.689232799690217,0.0267629977315664
"38",-0.123510512989014,-0.883378299884498,-0.417997940443456
"39",-0.0275599537417293,-0.268869405612350,0.7610938642174
"40",-0.52668028883636,-0.332418018020689,0.680038179736584
"41",-0.254709362518042,0.0614770893007517,0.264791576191783
"42",-0.0983249191194773,0.564477009233087,0.211174385156482
"43",0.571174389217049,0.286153797991574,-0.227970934472978
"44",-0.0354218096472323,0.648163825739175,-0.383294597733766
"45",0.903072581626475,-0.0910762823186815,0.399692732840776
"46",0.854889490641654,-0.233307289425284,-0.380160800181329
"47",-0.0618673358112574,-0.130622865166515,-0.850606717169285
"48",0.578830258455127,-0.706189395394176,-0.07113620871678
"49",0.472336046863347,0.378096643369645,0.58595928736031
"50",0.251608609687537,-0.571165806148201,-0.1831413526088
"51",-0.168745297007263,0.585902760736644,0.463046034798026
"52",0.123234358616173,0.161806696094573,0.797271633520722
"53",0.303846114780754,-0.270182965323329,0.266326598823071
"54",0.083298095036298,-0.133804240729660,0.947032243944705
"55",0.249299358576536,0.00901193032041192,-0.322481300216168
"56",-0.499557297676802,0.0121286567300558,0.400513328611851
"57",-0.403184033930302,-0.549137290101498,-0.399968817364424
"58",-0.57985857874155,0.066418117377907,-0.572507827077061
"59",0.676946457009763,-0.717123383190483,-0.104002500418574
"60",0.184895920101553,-0.829805629793555,-0.196371661499143
"61",0.367761055473238,-0.553322286810726,0.100496836006641
"62",0.0346267251297832,-0.489635450765491,-0.524301472585648
"63",-0.58501968998462,-0.178047734312713,-0.731328541878611
"64",0.692667756229639,-0.0418568071909249,-0.0755462469533086
"65",0.420439354144037,0.124226985499263,0.176703620702028
"66",0.341425170656294,-0.666355737484992,-0.411199245136231
"67",-0.195077468175441,-0.321498363744467,0.925399442203343
"68",-0.0201498940587044,0.770785170141608,0.114177877083421
"69",0.625616232398897,0.145394689403474,-0.748401359189302
"70",0.334109487012029,0.412372884806246,0.363928389269859
"71",0.41251300368458,-0.4069794411771,0.757826886605471
"72",-0.0051872581243515,0.485654345713556,0.565357235725969
"73",0.518784150015563,0.773565368261188,0.125470543745905
"74",-0.73440354084596,-0.0296320682391524,-0.61674930434674
"75",0.309887135401368,0.42524572648108,0.445530316792428
"76",0.65328369056806,0.411255685146898,0.107751127332449
"77",-0.329439584631473,0.521174768917263,0.123591133393347
"78",-0.436198423616588,0.0190802826546133,0.447134766262025
"79",0.942265168763697,-0.0191146838478744,0.289066429715604
"80",0.276805586647242,0.0985472756437957,-0.450330217834562
"81",-0.335328203625977,-0.754040373489261,-0.0435402751900256
"82",0.0870519177988172,0.431121082045138,0.115252702496946
"83",-0.169996773358434,0.150561688467860,-0.741424017585814
"84",-0.481034273281693,-0.296300403308123,-0.653728150296956
"85",-0.349293170496821,-0.0541589385829866,-0.0820842762477696
"86",-0.670162298250943,-0.666585202328861,-0.224443922284991
"87",-0.424397666472942,-0.143172415904701,0.305276021827012
"88",-0.217507011722773,0.178874874487519,0.103682228364050
"89",-0.766597153618932,-0.417497492395341,-0.212543800007552
"90",-0.153246140107512,-0.686580597423017,-0.305653219576925
"91",-0.226050856988877,0.402109917253256,-0.218294272664934
"92",0.776607542298734,-0.398883899208158,-0.417188925668597
"93",0.149997125845402,0.949213226791471,0.205040726345032
"94",0.351705619134009,0.661228622775525,-0.201665738597512
"95",-0.338258515577763,0.129679291509092,-0.43266324698925
"96",-0.0926058809272945,0.220097018405795,0.53529314417392
"97",0.167141700163484,0.525615065358579,-0.598623489961028
"98",0.440650909207761,0.473190766293555,-0.686586061026901
"99",0.834913135506213,0.196609912905842,0.474099805112928
"100",-0.0569448922760785,-0.208155935164541,-0.822631868999451
"101",-0.494256667792797,-0.0421586488373578,0.573788171634078
"102",0.393095444887877,-0.398329401388764,0.394480478018522
"103",0.0996410558000207,0.484872906468809,0.280470704659820
"104",-0.637903199531138,-0.00545936077833176,-0.0708570117130876
"105",0.646889038849622,-0.399257528595626,0.240644266363233
"106",0.482477347366512,-0.475765685550869,0.562568165361881
"107",0.167694941628724,-0.331487498711795,-0.089417401701212
"108",0.290524299256504,0.468969048932195,0.199408612214029
"109",-0.365150817669928,0.813373653683811,0.0499648908153176
"110",-0.38611490605399,-0.0422492842189968,-0.191840721294284
"111",0.605729790404439,-0.69329852797091,-0.211105828173459
"112",0.0764706642366946,-0.615063284989446,0.51250641187653
"113",-0.721057259943336,0.254646454472095,-0.424866348039359
"114",0.136227728798985,0.928604509681463,-0.0367157375440001
"115",-0.729392379987985,-0.0583312534727156,-0.620373243000358
"116",-0.600940568838269,0.286031445022672,0.461019264068455
"117",-0.580881185363978,0.464543182868510,-0.110426140017807
"118",-0.0845892154611647,-0.176175779663026,0.379289750941098
"119",-0.644641103688627,0.676189214456826,-0.238112405408174
"120",-0.762756187468767,-0.0649366765283048,0.245205619372427
"121",0.140343701001257,-0.283050693571568,-0.236995519604534
"122",0.300654975697398,0.118708352092654,0.194450675044209
"123",0.413334057666361,0.19997516553849,0.221144100185484
"124",-0.0159892374649644,0.860309479292482,-0.252742775715888
"125",-0.222053268924356,0.34802783979103,-0.328771569766104
"126",-0.666853168513626,0.142842857632786,0.451462747529149
"127",-0.245101526845247,0.374917909502983,-0.340047384612262
"128",0.0326944924890995,-0.919452815782279,-0.257229574956
"129",0.189611011650413,-0.961810646113008,-0.108298483304679
"130",0.661067413166165,0.219072718638927,0.46101972553879
"131",-0.672047862317413,0.000756361056119204,0.0044229319319129
"132",0.327582843601704,-0.0442244433797896,0.370108796749264
"133",-0.0330933062359691,0.517867447342724,0.383834462612867
"134",-0.84606050606817,0.136120960582048,-0.172751475125551
"135",-0.126462977845222,-0.316476149950176,0.596956511959434
"136",0.767662495840341,0.409572960343212,-0.425719740800560
"137",0.55342263309285,-0.31093318387866,0.279324185568839
"138",0.0593849988654256,0.695717748254538,0.527447693515569
"139",-0.675990104675293,0.119083419442177,0.566781013738364
"140",-0.336875406559557,0.92257897183299,0.0331707797013223
"141",0.671400508377701,0.467245359905064,-0.258574230130762
"142",-0.186400636564940,0.430499974638224,0.0833719740621746
"143",-0.82839970011264,-0.278493373189121,-0.118779780343175
"144",-0.820976931136101,-0.207827740814537,-0.495866037905216
"145",0.181094671599567,0.408202717080712,-0.254469368606806
"146",0.611116920597851,0.309400211554021,0.137192167807370
"147",-0.525614393875003,-0.134527793619782,-0.0481039085425436
"148",0.629964624065906,0.239098960068077,-0.361452727112919
"149",0.217031799722463,0.725536569487303,0.532617641147226
"150",0.189337179996073,-0.111924117896706,-0.386800242122263
"151",-0.184679192956537,-0.682426918763667,0.00867287209257483
"152",-0.0551598649471998,0.529991772025824,0.584664053749293
"153",0.449164318386465,-0.68332157144323,0.136721714865416
"154",0.653892683796585,-0.188247690908611,0.689756333827972
"155",-0.204588454216719,0.304354703053832,0.792365890461951
"156",0.303487843368202,-0.411958706565201,0.210652973502874
"157",-0.387528984807432,0.635531853884459,0.537583011202514
"158",-0.803049945272505,0.0828379271551967,0.122260166332126
"159",-0.82122420752421,-0.0825863378122449,3.30065377056599e-05
"160",-0.0621921932324767,0.916711050551385,0.190681828651577
"161",-0.158555330242962,-0.704832804389298,0.179628441110253
"162",0.539473108481616,0.765086849685758,0.337601392529905
"163",0.0757551775313914,0.695172876119614,-0.121007656212896
"164",-0.454287619329989,-0.708977502770722,0.0827317051589489
"165",0.0451779556460679,0.0434224498458207,0.64133714325726
"166",0.864888476673514,0.0789384939707816,0.151758895255625
"167",0.683861762750894,0.557555160485208,-0.344242151360959
"168",0.602009715046734,-0.403172991704196,0.568432332016528
"169",-0.0087402993813157,0.528774997219443,0.338634167797863
"170",-0.67883143061772,-0.123513794969767,-0.107011228334159
"171",-0.167797738220543,-0.450190618634224,-0.814130661543459
"172",-0.141822497826070,0.730388337280601,-0.359892998356372
"173",0.117825973313302,0.762379429768771,-0.0582778542302549
"174",0.683053389657289,0.126567337661982,0.317264720797539
"175",0.631520098075271,0.242648541927338,0.670872819144279
"176",-0.668401400092989,0.652826892212033,-0.104330284520984
"177",-0.206448095384985,0.471776236779988,-0.664450299460441
"178",0.165952685289085,0.320813936181366,-0.422405979130417
"179",-0.171756939962506,0.942334395833313,-0.199715644586831
"180",-0.506779374089092,-0.690665427595377,-0.459921810775995
"181",-0.152239034418017,0.320075136143714,-0.3961141561158
"182",-0.00342062674462795,0.00273255165666342,-0.597671451047063
"183",-0.0355832409113646,-0.859051019884646,-0.075519853271544
"184",-0.112963342573494,-0.157362636178732,0.449676140677184
"185",-0.484777678735554,0.299765328876674,-0.00717393541708589
"186",0.806299022398889,-0.172290535643697,0.482101738452911
"187",0.065592645201832,-0.352062756661326,0.0382463312707841
"188",-0.673057610634714,-0.254951607901603,-0.476371017750353
"189",0.171623736154288,0.549509509466588,0.644320913590491
"190",-0.185161954257637,-0.682394845876843,0.161829425953329
"191",-0.451583886984736,-0.128518390469253,0.784461479634047
"192",0.347918965853751,0.376735503319651,-0.597890555392951
"193",0.19464395288378,0.391583628952503,-0.744423751719296
"194",-0.117129444144666,0.0718839238397777,0.153995641041547
"195",0.0529075036756694,-0.924551831558347,0.28850939264521
"196",0.811025064438581,0.143751020543277,-0.316582263913006
"197",0.267101441510022,-0.403438712470233,-0.397534640971571
"198",-0.283445047214627,0.835212843026966,-0.0389910279773176
"199",0.151047964114696,0.440657271072268,-0.441902415361255
"200",0.463596584275365,-0.418180354405195,0.355076856911182
"201",-0.0240233852528036,0.141992202959955,-0.715207328554243
"202",-0.741756435018033,-0.0370781980454922,0.526901087258011
"203",0.592087539844215,-0.188130321446806,-0.774618047755212
"204",-0.445729614701122,0.0115055162459612,-0.0702686933800578
"205",-0.117181074339896,-0.859987946692854,0.31753457384184
"206",0.435825180727988,0.0117280008271337,0.806148116942495
"207",-0.0941204759292305,-0.861568374559283,0.343161351047456
"208",0.237154127564281,0.376272661145777,-0.587474928237498
"209",-0.323141099885106,-0.201241225004196,-0.0206957012414932
"210",0.484646712895483,0.252474054228514,0.100302567705512
"211",-0.639534432440996,0.414542222395539,-0.352761095389724
"212",0.317477908916771,-0.3588623162359,-0.450232903938740
"213",-0.763660683296621,-0.353142268024385,0.526961171068251
"214",-0.340807915199548,-0.866568885277957,-0.248481397517025
"215",0.0379565358161926,0.360547936987132,0.555421260651201
"216",0.184701235499233,0.938329114578664,-0.288402893580496
"217",0.89345502667129,0.124046422541142,0.0187242371030152
"218",-0.451958328485489,-0.0474068094044924,0.337720090523362
"219",0.80542668653652,0.390600961167365,-0.080846686847508
"220",0.390112144406885,-0.410415528807789,0.322722772601992
"221",-0.435352849308401,-0.0221131169237196,0.494850655086339
"222",0.115433012135327,0.252238094806671,0.541052009444684
"223",-0.121689951978624,-0.747852037195116,0.110128940083086
"224",0.214527474716306,0.764667070936412,-0.259186550974846
"225",0.833798225037754,-0.214331173803657,-0.129562306683511
"226",-0.142176917754114,0.095284332986921,-0.915413092821836
"227",0.969476421363652,-0.134320365730673,0.101269293110818
"228",0.390595739707351,-0.805956221651286,-0.194520318415016
"229",0.0805225633084774,-0.340655872598290,0.161478969268501
"230",-0.327672078739852,-0.830924258101732,-0.217704544775188
"231",0.248139715753496,0.233512069098651,0.854431712068617
"232",0.851985758636147,-0.205402683932334,0.0300409407354891
"233",0.523818866815418,0.323631834238768,-0.0190347582101822
"234",-0.0383877749554813,-0.015305713750422,0.595523496158421
"235",0.932640150655061,-0.241846404038370,0.00350320385769010
"236",-0.317801653873175,-0.557348519098014,-0.529204053338617
"237",0.479166142176837,-0.297059067524970,0.422939273994416
"238",-0.672848735470325,-0.224069236312062,0.323024976532906
"239",0.656861895695329,-0.113606531638652,-0.712111023720354
"240",0.16074131289497,-0.09957720246166,-0.764928338117898
"241",-0.342087242752314,-0.161354986950755,-0.805346839129925
"242",0.672851223964244,-0.07980519765988,-0.172643119003624
"243",0.179574610665441,-0.131254628766328,-0.673481273464859
"244",-0.251370164100081,-0.48085897276178,0.173823673278093
"245",-0.697705965489149,0.555399960372597,-0.43094617780298
"246",0.404536064248532,-0.590411575511098,0.530568100512028
"247",-0.482357301283628,-0.39286762336269,0.397453057579696
"248",0.259149760473520,-0.103947230149060,0.0730444141663611
"249",0.543827794026583,-0.495431568939239,-0.277206599712372
"250",-0.454348409082741,0.566710289567709,-0.163145077414811
"251",-0.241533669643104,0.413935898337513,0.128720943816006
"252",-0.467247367370874,0.457650937605649,-0.109482659026980
"253",0.138918312266469,0.293866080697626,-0.278507226612419
"254",-0.602203893475235,-0.296662125270814,-0.551796022802591
"255",0.182052408810705,-0.082201786339283,0.783918608445674
"256",-0.686072700191289,0.548437740653753,-0.0793110653758049
"257",0.443112602457404,0.784939779434353,0.103117675054818
"258",-0.620400520972908,-0.57369495043531,0.0259969695471227
"259",0.873958732467145,-0.0919329901225865,-0.100284434389323
"260",0.227262343745679,-0.303772893734276,-0.538199319504201
"261",-0.0524250450544059,0.156367192044854,0.89454783545807
"262",-0.47537227999419,0.82540873484686,-0.157949490938336
"263",0.44988188194111,-0.175670753698796,0.083964719902724
"264",-0.271428563632071,-0.0632456708699465,-0.0442248173058033
"265",0.152132921852171,-0.674873528070748,-0.712921411264688
"266",-0.208223918918520,0.775814852211624,-0.305234908591956
"267",0.110398417804390,0.0871897446922958,0.092019707430154
"268",0.419576561078429,-0.304989287629724,-0.378810395486653
"269",-0.711225945036858,0.576978455297649,0.125563724897802
"270",-0.174691315740347,-0.370702201500535,-0.547960976604372
"271",-0.109599694609642,-0.257257795426995,0.38270307937637
"272",0.850447610020638,-0.0498883621767163,0.388564622029662
"273",-0.615572062786669,0.596003877930343,-0.170166166499257
"274",0.836373614612967,-0.159524477086961,-0.190350784454495
"275",0.671809909399599,0.423848450183868,0.445134523324668
"276",-0.565015701111406,0.721410643775016,-0.213250722270459
"277",0.244917064905167,-0.840056019369513,-0.316152626648545
"278",-0.179085604380816,-0.914363452233374,-0.132190480828285
"279",-0.460497344844043,0.372769035864621,0.570071171503514
"280",-0.0871356972493231,0.633087086491287,-0.0877144453115761
"281",-0.366308230441064,-0.104917595162988,-0.6417983667925
"282",-0.85656448919326,-0.161643342580646,0.39731652662158
"283",0.81050870474428,-0.476670442149043,-0.309515681117773
"284",-0.932279600761831,0.0508854258805513,0.328446407336742
"285",-0.744297333061695,-0.183091995771974,0.192394907586277
"286",-0.61467181192711,-0.372377265244722,-0.308534414041787
"287",-0.918587925378233,0.102944675367326,-0.240451349876821
"288",-0.538008586969227,0.0939659853465855,0.441085959784687
"289",-0.163929127156734,-0.573070920538157,0.299946783110499
"290",-0.253624016884714,0.481031852774322,-0.127171340864152
"291",0.47622242057696,0.0789979919791222,-0.59442594088614
"292",-0.109853040892631,-0.363064062315971,-0.710852716583759
"293",0.702063550241292,0.380641493014991,0.534804212860763
"294",-0.621090031694621,0.429929476696998,0.581722001545131
"295",-0.4529401906766,0.0291574392467737,0.378109048120677
"296",0.512786746956408,-0.0389548046514392,0.178540050052106
"297",0.334917700849473,-0.792784445453435,-0.178604654967785
"298",-0.41240325756371,0.621067981701344,-0.330810319166631
"299",-0.561096623074263,-0.385276131331921,0.604196732398123
"300",-0.515625778120011,-0.107598323374987,0.420633185189217
"301",-0.0455173472873867,-0.444250038824975,-0.422493076883256
"302",-0.101951966527849,-0.382003956008703,-0.557394608389586
"303",0.136168042197824,-0.610073910094798,-0.101314236875623
"304",0.545256020966917,0.0268723596818745,0.686645559035242
"305",-0.310233188327402,-0.558584921061993,0.542535973712802
"306",0.164239248726517,-0.514081440865993,0.42464666813612
"307",0.00123142870143056,-0.423726205248386,-0.309754808899015
"308",-0.519292926881462,-0.406009238213301,0.470759281888604
"309",0.193884602747858,-0.102783590555191,-0.810582038480788
"310",0.340952782891691,-0.44663941161707,-0.621824436821043
"311",-0.85635651415214,0.214181243907660,0.211869712453336
"312",-0.0951120164245367,0.503084056079388,0.369165698532015
"313",0.337531788274646,0.447540660388768,0.144130274653435
"314",0.737199414987117,-0.454934013076127,0.370915917214006
"315",-0.0548920263536274,0.285999522544444,-0.660719330888242
"316",-0.214438332244754,-0.142316925805062,-0.106341741513461
"317",0.207221764605492,-0.0448180260136724,0.531670723110437
"318",-0.328321943059564,-0.103215588256717,-0.904927363619208
"319",-0.231390445958823,-0.363186127040535,-0.49851336190477
"320",0.819923285394907,-0.504438224248588,-0.173499920405447
"321",0.194749733898789,0.534549104515463,0.524620215874165
"322",-0.607554186601192,0.660774359013885,0.115297824610025
"323",-0.642338737845421,0.0543577866628766,0.64190982375294
"324",0.614406413398683,-0.201778607908636,0.307627917733043
"325",0.117028588894755,-0.225064688827842,-0.740572348237038
"326",-0.78077938593924,-0.377730454783887,-0.0834758644923568
"327",-0.605004962068051,0.134856949560344,-0.405972809996456
"328",-0.0645382446236908,-0.652406518813223,-0.318523348309100
"329",-0.462727323640138,-0.288045899011195,0.35794642008841
"330",-0.180049250833690,-0.625222298316658,0.614798465743661
"331",0.308140410110354,0.776648455299437,0.547375075053424
"332",-0.520868876483291,-0.139688181690872,-0.262770890723914
"333",-0.292587155476213,-0.439902718178928,-0.666367094963789
"334",0.475900157354772,-0.185470591299236,-0.742097874637693
"335",-0.435290068387985,0.329287646804005,0.526931774802506
"336",0.547533534001559,-0.671314004343003,0.487699721008539
"337",0.545793518424034,-0.134455356281251,-0.228590624406934
"338",0.454132976010442,0.368869215250015,0.273093638475984
"339",0.393685937859118,-0.00412201043218374,0.798527207225561
"340",0.363430425990373,-0.476118868682534,-0.782480521593243
"341",0.825229425914586,-0.0639653233811259,0.0652037947438657
"342",0.376125511247665,0.0495969750918448,-0.464386826381087
"343",-0.925187849905342,0.0645592589862645,0.0633066780865192
"344",-0.0596469677984715,0.0825891233980656,-0.192808750551194
"345",0.683595212642103,0.262069744523615,-0.551522052381188
"346",0.272294386290014,-0.654399127699435,0.171864908188581
"347",-0.019867105409503,0.129728929605335,-0.495950784534216
"348",0.0448804004117846,0.139763923361897,0.849077445920557
"349",-0.514033086597919,-0.487655087374151,0.630575638730079
"350",-0.148984107654542,-0.0939453938044608,0.371808202937245
"351",-0.330008172430098,-0.488507601432502,0.30646664975211
"352",-0.905930049251765,-0.143063918221742,-0.346379048191011
"353",0.116295454557985,-0.0104752727784216,0.56267719483003
"354",0.152380145154893,-0.653460718691349,-0.700281010940671
"355",0.435986636672169,-0.539966682903469,0.473762709181756
"356",0.593293670099229,-0.244995631743222,0.462311245966703
"357",0.433676371816546,-0.305894187185913,-0.0406221281737089
"358",-0.62212848616764,0.0354771907441318,0.147505412809551
"359",-0.193038376513869,-0.0163736110553145,-0.467563968151808
"360",-0.718330067116767,0.0642066751606762,-0.495529375504702
"361",-0.251067427452654,-0.36574781127274,-0.677043523173779
"362",0.0201966864988208,0.674337659031153,-0.443218665663153
"363",0.0553879449144006,0.0703523722477257,-0.952848216053098
"364",0.562442990019917,-0.141528438311070,0.297085327561945
"365",0.420833448413759,0.0102663929574192,0.58220029482618
"366",-0.652322066016495,-0.0402888027019799,0.650700755883008
"367",0.210837683174759,0.00289713451638818,-0.64870976516977
"368",-0.688775711227208,-0.0833679772913456,-0.221194772049785
"369",-0.614945014473051,-0.186038578394800,0.247940720058978
"370",-0.478223362006247,0.53015562100336,-0.614552558865398
"371",-0.701236491557211,0.108125249389559,-0.404529683757573
"372",0.0366723709739745,0.430594180710614,0.593481963500381
"373",0.239114640746266,0.348960799630731,-0.78951559215784
"374",0.379136262927204,0.0712734395638108,-0.332834587898105
"375",-0.388934346381575,-0.742519471328706,-0.227024262305349
"376",-0.0641307570040226,-0.151671135332435,-0.739706108346581
"377",0.562402355950326,0.378387771081179,-0.321275066584349
"378",-0.507953869178891,0.26502190483734,0.700573736336082
"379",0.605856048874557,-0.558341901283711,0.444017278961837
"380",0.120254706125706,-0.06720139272511,0.274688461795449
"381",-0.449060001410544,-0.382465944159776,-0.415144572034478
"382",-0.0332912472076714,-0.718887235503644,0.251696712803096
"383",0.526941371615976,-0.101697321981192,-0.557318957522511
"384",0.270704620517790,-0.839521682821214,0.0564072956331074
"385",-0.51903259800747,0.688355894759297,0.236056776251644
"386",-0.0309853130020201,0.0246343580074608,-0.97804275341332
"387",-0.818121695891023,0.273483229335397,0.397462372202426
"388",-0.0320947454310954,-0.915091924369335,0.361552970483899
"389",0.0531839020550251,-0.0681403405033052,-0.0881320256739855
"390",-0.880390190053731,-0.166510580107570,0.43186269979924
"391",0.396112469024956,-0.686043591238558,-0.494942366611212
"392",-0.724698479752988,0.536673638038337,-0.328066003508866
"393",-0.314546398352832,0.275946125388145,-0.142608141060919
"394",0.255284527782351,0.201920353807509,-0.00464903609827161
"395",-0.286995049566031,0.59568759566173,0.191474471706897
"396",-0.517537929583341,-0.0116702904924750,0.356568759772927
"397",0.525561296846718,0.108994625043124,-0.749611095990986
"398",0.108842340763658,0.474670818541199,0.221333221066743
"399",0.322660070843995,-0.0506616490893066,0.707944569643587
"400",0.432680791243911,-0.292253002524376,-0.213751138653606
"401",0.100394433364272,-0.120674450881779,0.483280617278069
"402",0.685235081706196,-0.60146150784567,0.231564915739
"403",-0.667045341804624,0.208515161182731,0.460916518233716
"404",0.321381330490112,-0.616333082318306,0.523738033138216
"405",0.90357847046107,-0.349155958741903,0.179932776838541
"406",-0.331593641545624,-0.497224831022322,0.606216600164771
"407",0.165822530165315,0.0737124639563262,-0.174105050042272
"408",0.780870768241584,0.41197322960943,0.147786517161876
"409",0.0872968067415059,0.948995554354042,0.205590558703989
"410",0.0971546154469252,-0.091462186537683,0.878722874913365
"411",0.452283154241741,0.704461610876024,-0.513657332397997
"412",0.601725808344781,-0.279469279572368,-0.0705737653188407
"413",-0.778477477841079,-0.0847908770665526,0.473970946390182
"414",0.801602771505713,-0.386355574242771,0.0846953433938324
"415",0.484921111259609,0.497594648040831,0.360888451803476
"416",0.123822766821831,-0.0509234499186277,-0.583991766441613
"417",-0.0183775443583727,-0.0765725951641798,-0.448830955196172
"418",0.165119002107531,0.721434145234525,-0.0600449373014271
"419",-0.672793416772038,-0.258045767899603,-0.644946130923927
"420",-0.313445611856878,0.504684900864959,0.758266039658338
"421",0.172717463690788,-0.173636481165886,0.813992483075708
"422",0.244060815311968,-0.695152037777007,-0.124331915751100
"423",0.599441981408745,-0.550353762228042,-0.23862079763785
"424",0.0299183838069439,-0.136028776410967,0.0926580661907792
"425",-0.0269613293930888,-0.214475520886481,0.614073281176388
"426",0.563055137638003,0.558891593012959,0.07992595853284
"427",-0.291247899178416,-0.0737159214913845,-0.118737303186208
"428",-0.601271568331867,0.561918734572828,0.557073774281889
"429",-0.791963459923863,-0.0390040716156363,-0.540673937648535
"430",0.161288930103183,0.624850150197744,0.752818456850946
"431",-0.0739937331527472,0.196399580687284,-0.754569623619318
"432",-0.363724259193987,0.0353548601269722,-0.0768368169665337
"433",-0.303205146454275,-0.781517190858722,0.475038940086961
"434",-0.136383306235075,-0.389016611035913,-0.199507590848953
"435",0.388357720803469,0.825546620879322,-0.0810873745940626
"436",-0.0296632549725473,-0.789513720665127,0.277941618580371
"437",-0.481904060114175,-0.29793931171298,-0.595678168348968
"438",-0.74311146652326,-0.0264555872417986,0.0995903075672686
"439",0.694137970916927,0.0334124960936606,-0.547147007193416
"440",0.469494303688407,-0.489687464665622,-0.395943766459823
"441",0.176602610386908,0.455152682960033,0.357898119371384
"442",0.917969228234142,0.345871093217283,0.173243728000671
"443",0.262617074884474,-0.509653752204031,0.073090307880193
"444",0.148674775846303,-0.475658995099366,-0.343653779476881
"445",-0.149637514259666,0.389038690365851,0.80055852746591
"446",0.676319591701031,-0.243785992264748,0.278444630093873
"447",-0.870709038805217,0.17490720981732,0.214693272486329
"448",0.549964527133852,0.366366741713136,0.588440582621843
"449",0.786907086148858,0.0171098415739834,0.113941441290081
"450",-0.862997336313128,0.446111562196165,0.0154500817880034
"451",0.0874930396676064,0.541405568830669,-0.0498668658547103
"452",-0.153148260433227,0.212687673978508,-0.801565556321293
"453",-0.0334583614021540,-0.482623843010515,0.818895020987839
"454",-0.51519227353856,0.254652821458876,-0.00807026354596019
"455",-0.0180548201315105,-0.132604122161865,0.0439598993398249
"456",-0.260686275549233,0.238024258986115,-0.503719263710082
"457",-0.343082233797759,0.105713556986302,0.54362058872357
"458",0.535507912281901,-0.335148473735899,0.104832213371992
"459",-0.416353472974151,0.103238223120570,0.480058019515127
"460",0.438412457704544,0.719857171643525,-0.334414080251008
"461",-0.408180973958224,-0.65502074547112,-0.202076091431081
"462",-0.0740548558533192,-0.0450450559146702,0.324977392330766
"463",0.90631836047396,0.379031793214381,-0.0944151827134192
"464",-0.348416487686336,0.0135973547585309,0.267965171951801
"465",-0.335027853958309,0.754082839470357,0.360824325121939
"466",-0.800621263217181,0.405209386721253,-0.201531383674592
"467",-0.100985866039991,0.512256094254553,-0.234354812186211
"468",-0.138670054730028,0.205098930280656,0.115350471809506
"469",0.442082277499139,0.57226332789287,-0.308603876270354
"470",-0.312640211544931,0.414602235425264,-0.831540322396904
"471",-0.48338386695832,0.232373751699924,-0.51486532529816
"472",-0.179458652157336,0.319766310509294,-0.471715615596622
"473",0.638951383996755,0.570491431280971,0.0398730779998004
"474",0.380824233405292,-0.434959388803691,-0.240511615294963
"475",-0.722289422061294,0.0502384682185948,-0.249857264570892
"476",0.670942879281938,-0.42004486778751,-0.134994895663112
"477",-0.454683982301503,0.0973912524059415,0.691875068005174
"478",0.606822321657091,0.15383124910295,0.507433591876179
"479",-0.062714739702642,0.198113058693707,-0.56204995047301
"480",0.656929198652506,0.0673689860850573,-0.400995536707342
"481",0.398307168390602,0.779388247989118,-0.170400051865727
"482",0.938012043945491,0.0890546701848507,0.182944539468735
"483",0.384480202570558,-0.814321818761528,0.43128814175725
"484",0.285897546913475,0.637647780124098,0.3932970976457
"485",0.0748090064153075,0.219030988402665,0.310714379884303
"486",-0.735575364436954,0.339388656895608,-0.0550228189677
"487",0.105171605478972,0.406349807512015,-0.303093634545803
"488",-0.832793097477406,-0.282420984469354,-0.437501677311957
"489",0.759464703500271,-0.066522954031825,-0.00187861360609531
"490",-0.861738415434957,0.0173754082061350,0.438124548178166
"491",0.12669358542189,-0.366904628463089,0.831119792535901
"492",0.318729995284230,-0.188144243322313,-0.624877527821809
"493",-0.101281846407801,-0.268141901586205,-0.0963156116195023
"494",-0.773809341248125,0.54487729491666,-0.271441924385726
"495",0.164468178059906,-0.0259247333742678,0.0707644438371062
"496",-0.446124154608697,-0.164110754150897,-0.398986838757992
"497",-0.858282188419253,0.0333592970855534,-0.259806604590267
"498",0.652209726627916,-0.186956545803696,0.229212184902281
"499",-0.627232866827399,0.200901385862380,0.139290072955191
"500",-0.622792150825262,-0.0297703533433378,0.496770694851875
"501",0.736610945314169,0.27876098966226,-0.279512268956751
"502",0.6420241529122,0.441174465231597,-0.108619888313115
"503",0.196149856783450,-0.215425276197493,-0.688415201380849
"504",-0.0922938794828951,0.619410228449851,0.255662376061082
"505",0.691476387437433,0.0561825092881918,0.119054480921477
"506",0.162617744877934,-0.564874998759478,-0.173966519534588
"507",-0.476478418335319,-0.0463491198606789,0.380530470982194
"508",0.080008143093437,-0.741739481221884,-0.657026098575443
"509",0.0259995847009122,-0.202010378241539,0.0267734928056598
"510",0.699802625458688,0.553861749358475,0.186870403587818
"511",-0.559363534674048,-0.177551939617842,0.0874424483627081
"512",-0.205776501446962,0.0881059714592993,-0.885799124836922
"513",-0.365542547777295,-0.799715619999915,0.402594084385782
"514",0.0582930431701243,-0.828200141899288,0.369004027917981
"515",-0.0856593316420913,-0.349872845690697,0.375522010028362
"516",-0.131179050076753,0.102469969075173,0.85724634397775
"517",-0.229591377545148,-0.121593071613461,-0.323464911431074
"518",0.196886662393808,0.506468819919974,0.448299638926983
"519",-0.631498172413558,-0.252087058033794,-0.0607729745097458
"520",0.763206377625465,-0.575562955345958,-0.277349174488336
"521",0.0136212045326829,-0.142827896401286,-0.487697434611619
"522",-0.060083978343755,-0.088559572584927,-0.0605536536313593
"523",-0.00654843170195818,0.355121309868991,-0.818603020627052
"524",0.251864238642156,-0.0718805850483477,0.885900444816798
"525",0.110299839172512,0.487952728290111,-0.731059493031353
"526",0.395355764776468,0.0819900683127344,-0.762777935247868
"527",-0.363915252499282,-0.00621520122513175,0.325523904990405
"528",-0.123534596990794,0.739847760647535,-0.525197333656251
"529",-0.541203638538718,-0.380777434445918,0.331948848906904
"530",0.732755483593792,-0.404656263068318,-0.147044165991247
"531",0.30433885846287,0.00405247183516622,0.747547566425055
"532",0.203897114377469,-0.159876508172601,-0.772809622809291
"533",0.258420805446804,0.512489306740463,-0.665686793159693
"534",0.317035577725619,-0.353588680271059,0.319553719833493
"535",0.115483275149018,-0.182461288291961,-0.688266017939895
"536",0.760283668991178,-0.18719925545156,-0.359764682129025
"537",-0.0517929983325303,0.280420984141529,0.876874447334558
"538",-0.614734641741961,-0.287799731828272,0.44423409178853
"539",0.305570913944393,0.452997754793614,0.289465349167585
"540",-0.414722217712551,-0.877984439022839,-0.124731354881078
"541",-0.816045529209077,-0.505136092193425,0.0250791483558714
"542",-0.527755468152463,0.307780597358942,0.124819610267878
"543",0.160908225458115,-0.77807384962216,0.234065516851842
"544",-0.113702724687755,-0.700231161434203,0.513465854804963
"545",0.91287758667022,-0.359942315146327,0.168335852678865
"546",0.0621636928990483,-0.782794089522213,-0.280145533848554
"547",0.434867680538446,0.109064867720008,-0.0334289916791022
"548",0.124731682240963,0.0590154202654958,-0.0703311804682016
"549",-0.306592358276248,0.301041264086962,0.681668831501156
"550",0.129560731351376,0.0861481833271682,-0.656949357595295
"551",-0.468407375272363,0.5221554543823,-0.190559802576900
"552",-0.418957210611552,0.605668329168111,-0.604532564524561
"553",0.291258783079684,-0.657477329485118,0.105528069194406
"554",0.00768468854948878,0.718370539136231,-0.21063053002581
"555",0.637643146328628,0.666935415938497,0.262198867741972
"556",0.589071742724627,0.361406475305557,-0.635881435591727
"557",0.243980266153812,-0.266402439679950,0.689579353202134
"558",0.200555035844445,0.67425809474662,-0.561682459898293
"559",0.240386341232806,-0.664930733386427,0.638412915635854
"560",-0.208797722589225,0.944657844956964,0.0538843502290547
"561",0.152390989474952,-0.291730804834515,0.743495581671596
"562",0.0116621698252857,-0.844921433832496,-0.220981179270893
"563",0.342108282260597,0.0827036760747433,-0.498908997513354
"564",-0.295615672133863,-0.422697006259114,0.191605485044420
"565",0.294867804273963,-0.442105489317328,0.54992689145729
"566",-0.0675847427919507,0.979214261751622,-0.0998112098313868
"567",0.46467947633937,-0.178515573963523,-0.499037047848105
"568",0.157482394482940,-0.380314399953932,-0.57796496571973
"569",0.597322289366275,0.70174119528383,-0.122622592840344
"570",0.0890980898402631,-0.438268745318055,0.872449832968414
"571",-0.134635229595006,-0.284112881869078,-0.745877883862704
"572",-0.565302703529596,-0.0930908718146384,-0.380711586214602
"573",0.164803941734135,-0.334296187851578,-0.504861460998654
"574",-0.553609811235219,-0.0422677649185061,0.125731682870537
"575",-0.0637462427839637,-0.298426162917167,0.000431467313319445
"576",-0.495838188566267,-0.251773696858436,-0.318089877720922
"577",0.268256807234138,-0.830862978473306,-0.0419525993056595
"578",-0.228253404609859,-0.157094654161483,0.134936562739313
"579",-0.609058459289372,-0.180149569641799,0.0658876062370837
"580",-0.23970995657146,-0.0568341892212629,-0.595932133030146
"581",0.118293648120016,-0.376075268257409,0.705889533273876
"582",-0.352908839937299,-0.762330503668636,-0.346754192374647
"583",-0.406364704482257,-0.311182794626802,0.509389643091708
"584",0.103993835393339,-0.752176636829972,-0.569305278360844
"585",0.302980800624937,0.65509870601818,0.301399605814368
"586",-0.0740238805301487,0.182949674315751,-0.90806922269985
"587",0.16682093963027,0.223749904893339,-0.847302966751158
"588",0.65666334098205,0.412396159488708,-0.407159307505935
"589",0.318464095704257,0.424601133912802,-0.157975379843265
"590",-0.0279399841092527,-0.310557505581528,-0.898794937413186
"591",-0.47456831485033,-0.63260888075456,-0.262315519154072
"592",0.225495148450136,-0.518784829415381,-0.130700337700546
"593",0.0874077994376421,-0.600686016958207,-0.374588422011584
"594",0.5635881354101,-0.00510650500655174,0.180398074444383
"595",0.415820566471666,0.586336101405323,0.415504157543182
"596",-0.472630346659571,-0.136909950058907,0.74782524863258
"597",0.494610646739602,0.199666975997388,0.288003101479262
"598",-0.155432041268796,-0.422709132544696,-0.260611010249704
"599",0.349395733792335,0.656088420189917,0.545122633688152
"600",-0.274339177180082,0.322468980681151,-0.150756127666682
"601",-0.182797690853477,-0.737741681281477,-0.120758080855012
"602",-0.113486569374800,-0.233126525301486,-0.503876459319144
"603",0.0875100763514638,-0.0648926603607833,0.8025565543212
"604",0.244340132456273,0.594592678360641,0.385471679270267
"605",0.849868197925389,0.087714895606041,-0.262267712503672
"606",-0.333500806242228,-0.431390983518213,0.807919845916331
"607",0.274245915934443,-0.0582534768618643,-0.265199842862785
"608",0.67612283769995,-0.460514534264803,0.435276444070041
"609",-0.0933728995732963,-0.432259078137577,-0.410437530372292
"610",0.0195868071168661,-0.803248166572303,0.226832074578851
"611",-0.0196904754266143,-0.214263594709337,-0.501741038169712
"612",-0.72372174821794,-0.0270918938331306,0.566376766655594
"613",-0.799431434366852,0.408421297557652,-0.164003049489111
"614",0.382441746070981,-0.652115385513753,-0.391263615339994
"615",0.381816279608756,-0.237774184904993,0.861971547361463
"616",-0.739098235499114,0.528471975587308,0.162491011433303
"617",-0.538765437435359,-0.199451705440879,-0.242656461428851
"618",-0.0949286608956754,0.435997217893600,0.0493112150579691
"619",-0.836966123431921,-0.0101812500506639,0.446180905681103
"620",-0.50778894033283,-0.114765268750489,0.819672660902143
"621",0.361325676552951,0.559066321700811,-0.205537113826722
"622",-0.521759890951216,0.231268039904535,0.525603204965591
"623",-0.625961502082646,-0.312039520591497,0.35338127380237
"624",-0.374159287195653,0.0731808510608971,0.108697363175452
"625",-0.505888450425118,0.648075201082975,-0.0885793520137668
"626",0.475928817875683,0.467288158833981,0.66451499518007
"627",0.398085384164006,-0.361289159394801,0.00366166420280933
"628",0.341690680012107,-0.812478167936206,-0.0683197346515954
"629",-0.455698328092694,0.481923872139305,0.00265099108219147
"630",-0.122436111792922,0.529481376986951,-0.193682634271681
"631",0.227173930499703,-0.0356745738536119,0.146765841171145
"632",-0.82810556748882,0.321202894672751,-0.431556409690529
"633",0.819371171761304,0.105173856485635,-0.417834908701479
"634",-0.222506436519325,0.203380693681538,0.197404938284308
"635",0.91182439494878,0.206051305867732,-0.220984457526356
"636",-0.335630191024393,0.0567519161850214,-0.293700254522264
"637",0.095131064299494,0.218297453597188,-0.54188245953992
"638",0.175580670125782,0.345661658328027,0.280320104211569
"639",0.648830941878259,0.57297250861302,0.455047391820699
"640",0.2238116459921,0.637164019048214,0.587514555081725
"641",-0.0755720403976738,-0.456167308613658,0.713457624427974
"642",-0.0969830150716007,0.266556348651648,-0.160108609590679
"643",0.0489280852489173,0.238841404207051,0.179433586075902
"644",-0.112977553158998,-0.277949038427323,-0.632165143731982
"645",-0.698422320187092,-0.170619973912835,-0.559410692192614
"646",0.183726640418172,-0.108543345704675,-0.524976143613458
"647",-0.471465890761465,0.381574747618288,0.0795439276844263
"648",0.655463708098978,-0.369800607673824,-0.134148846380413
"649",-0.373805567156523,0.751375587657094,-0.00614753924310207
"650",0.454156592488289,0.79131884733215,0.144334530457854
"651",0.684772328939289,-0.205496041569859,0.652135086245835
"652",-0.216124227270484,0.280827077571303,0.228387737646699
"653",-0.504999101161957,-0.568358104676008,0.438139314297587
"654",0.602575699333102,-0.394326485227793,-0.690750742796808
"655",0.0105258869007230,-0.741238966118544,0.351880970411003
"656",0.49130882229656,-0.178962982259691,0.71801817882806
"657",-0.188384485431015,-0.312471747864038,-0.147587163373828
"658",0.435808902140707,-0.776503148954362,-0.230863813310862
"659",0.284984542988241,-0.84131225803867,-0.393954733852297
"660",-0.282933989539742,0.308218928519636,0.395861476194113
"661",0.30546187935397,-0.445469132158905,-0.373797607142478
"662",-0.0520718321204185,-0.202499703504145,-0.0812507714144886
"663",-0.440757680218667,-0.233590539079159,0.0536829987540841
"664",-0.240886785089970,0.354232457000762,-0.247112367302179
"665",-0.312969434540719,0.330706976819783,0.829601709265262
"666",0.311055980622768,0.809446032624692,0.243632402736694
"667",0.827366622630507,-0.427047624252737,0.353348216973245
"668",0.580349087249488,-0.123509402852505,-0.0877022054046392
"669",-0.393971585202962,0.749291114509106,0.447515803389251
"670",-0.851168279070407,-0.156656485982239,-0.289819421712309
"671",-0.800910776015371,-0.138603240717202,-0.171254296787083
"672",0.286411787848920,0.0322694405913353,0.123503538779914
"673",0.687730092555285,0.545861230231822,0.419150104746222
"674",0.691015804652125,-0.0756372935138643,-0.70893330220133
"675",-0.349996442440897,-0.327124529052526,-0.0412727454677224
"676",0.271711112931371,0.180146879050881,0.698552761692554
"677",-0.221827294211835,-0.743835982400924,-0.281392156146467
"678",0.256924801040441,0.238142751622945,-0.578793840482831
"679",0.618621973320842,-0.421812086366117,-0.0630679046735168
"680",0.780775027349591,0.57207941217348,-0.0219418564811349
"681",-0.326640563551337,-0.57668361114338,0.692659888416529
"682",0.172410011291504,0.201166474726051,0.776310518849641
"683",-0.239724731538445,0.294710913207382,-0.169419637415558
"684",0.380350849591196,-0.786951100453734,-0.131386217661202
"685",0.546056940685958,-0.191110496874899,0.311957260128111
"686",-0.00740487407892942,0.449746355880052,0.184495958499610
"687",-0.248873741831630,0.944516140967607,-0.125917214900255
"688",-0.375975370872766,0.689968279097229,0.369024081621319
"689",-0.199545083101839,-0.493329987861216,-0.193880049977452
"690",-0.961407949216664,0.156923484988511,0.103978623170406
"691",-0.665000496897846,-0.622950087767094,-0.365219418890774
"692",-0.544512808788568,-0.294579457491636,0.429395438171923
"693",-0.730428248178214,-0.218812133651227,0.285185000393540
"694",-0.506584742572159,0.686898742802441,-0.345550811383873
"695",0.273353484459221,0.87547873519361,0.380315034650266
"696",-0.377742276526988,0.860407709609717,0.0375200062990189
"697",0.189425766468048,0.678073815070093,0.553329441230744
"698",0.498144504614174,0.258934910409153,0.473047218285501
"699",-0.369987322948873,0.663466589059681,-0.363313715904951
"700",0.347379394806921,0.679605956189334,-0.566060449928045
"701",0.185203139670193,-0.340752787422389,0.180956173222512
"702",0.631291821599007,-0.261737399734557,-0.223731409292668
"703",0.299288577400148,0.0690408539958298,-0.0608880366198719
"704",-0.265309687703848,-0.115690909326077,-0.65049684420228
"705",-0.617365160491318,0.633266782388091,0.0518848700448871
"706",0.0226290985010564,-0.331108551472425,0.895733620040119
"707",-0.259485845919698,-0.084405460394919,0.360443817451596
"708",-0.725600353442132,0.354296388104558,-0.367079202551395
"709",-0.193381413351744,0.076638632453978,-0.356898122932762
"710",0.215944337658584,0.65710601164028,-0.186176556162536
"711",0.201984542887658,0.290827242657542,0.608238335698843
"712",-0.611229076050222,0.320000421255827,0.557572636287659
"713",-0.819117145612836,-0.0104854502715170,0.0707547594793141
"714",-0.899636887945235,0.030745564494282,0.0499163968488574
"715",0.509976696223021,-0.416363353841007,0.404953515622765
"716",-0.899228904861957,0.0726391477510333,-0.317844957578927
"717",0.716124820057303,0.388187529984862,0.476567381992936
"718",0.0955176381394267,-0.077704708557576,0.276293354574591
"719",-0.862198625225574,-0.06084602791816,-0.0127692134119570
"720",0.453179073520005,0.154793778434396,-0.677667328622192
"721",0.719917496666312,0.187461971770972,0.171376128681004
"722",0.586467682849616,-0.364814155269414,-0.540602875407785
"723",-0.652638039551675,0.42104158969596,0.0123968496918678
"724",-0.139779430814087,0.792976283933967,0.264080601278692
"725",-0.0374312861822546,-0.51147275744006,0.20117246825248
"726",0.379672216717154,-0.496983920689672,0.284614435397089
"727",0.486935105640441,0.534446696285158,0.641086673829705
"728",-0.621519597247243,0.163189115934074,-0.581232931930572
"729",-0.0872884090058506,0.260253118351102,-0.228727441281080
"730",0.608841521199793,-0.559999033343047,-0.0281231612898409
"731",0.138355141971260,-0.412357685156167,0.295321267563850
"732",0.645128874108195,-0.380640079732984,0.169808596838266
"733",-0.308944942429662,-0.0401766058057547,-0.457977648358792
"734",-0.648488570004702,-0.5874725417234,-0.0103990230709314
"735",-0.267990279942751,0.528222048655152,-0.0105168921872973
"736",0.534759783186018,0.0304072233848274,-0.60158103518188
"737",-0.191460203379393,-0.232482755091041,-0.90528109157458
"738",-0.8796207876876,-0.0759299397468567,0.233031865675002
"739",-0.287572357337922,0.411148981656879,-0.674131308682263
"740",0.238167940638959,-0.816320087760687,0.298211934510618
"741",0.369397371076047,-0.164870798587799,-0.541201209649444
"742",-0.751133846584707,0.134926302358508,0.589580276515335
"743",0.160465450026095,-0.153501806780696,0.299455987289548
"744",-0.00783095974475145,0.0021323817782104,-0.969287987798452
"745",0.435935184359550,-0.726910924073309,0.23598408466205
"746",0.351324936840683,0.0486134728416800,0.182064230553806
"747",0.316228917334229,-0.105288805440068,-0.933565510902554
"748",0.686148602049798,-0.0757421022281051,-0.108802716713399
"749",0.456412283238024,0.00252375612035394,-0.681040986906737
"750",-0.677636286243796,0.337868981994689,-0.632788334507495
"751",-0.769303877372295,-0.207250851672143,0.185812073759735
"752",-0.045265884604305,0.791289668530226,-0.555169229395688
"753",-0.707979253027588,-0.665622409433126,0.0267752390354872
"754",-0.216306115500629,-0.155237725935876,-0.240341188386083
"755",0.177762287668884,-0.272086067125201,0.654517302289605
"756",0.506598186213523,-0.491251805797219,0.484397726133466
"757",-0.205855733249336,0.576827653218061,-0.701855638064444
"758",-0.180487109813839,-0.790638925042003,-0.531720262952149
"759",0.0147226634435356,-0.355829149484634,-0.0441174739971757
"760",-0.459672041703016,-0.214674795977771,0.0869207065552473
"761",-0.119192009791732,-0.624512186739594,0.323883471544832
"762",-0.00482355849817395,-0.84556986624375,0.380174358841032
"763",0.506467333529145,0.442333450075239,0.281672530341893
"764",-0.0106411944143474,0.393021937459707,0.0250004837289453
"765",-0.157765004318208,-0.483155856840312,-0.183105464093387
"766",-0.465657737106085,0.0659363819286227,-0.787819419056177
"767",0.545057522132993,0.330455231480300,-0.729128133505583
"768",0.633544167503715,0.120309730060399,-0.577355920802802
"769",0.918732578866184,-0.0067382212728262,-0.0712055377662182
"770",0.0452337400056422,0.400713928975165,0.702486021444201
"771",0.501335293985903,-0.250738869886845,0.61870056623593
"772",-0.687830550130457,0.137396465986967,0.0584579994902015
"773",-0.568327389191836,0.4486562772654,-0.238918855786324
"774",0.0956394872628152,-0.711268799379468,-0.283784923609346
"775",-0.501404842361808,0.00452104676514864,0.565190200693905
"776",-0.495209106709808,-0.156795988325030,-0.135345149319619
"777",-0.922184417489916,-0.231405027676374,0.231594320852309
"778",-0.526497558224946,-0.171453720889986,-0.0310322591103613
"779",-0.979629742447287,0.0999056887812912,-0.0532014835625887
"780",0.787984615191817,0.0230123442597687,0.344752358738333
"781",0.00887993071228266,0.0481506073847413,-0.409557874314487
"782",-0.453328372444957,-0.684565699193627,0.270281655713916
"783",-0.177200623787940,-0.362014557234943,-0.495714996941388
"784",-0.803401678334922,0.355702606961131,-0.215046162251383
"785",-0.327545042615384,0.244741902220994,0.362823950592428
"786",0.690001357346773,0.169834944419563,0.101362217683345
"787",0.615801120176911,0.0328558264300227,0.704167085234076
"788",-0.000657642725855112,-0.646165305748582,-0.365622967947274
"789",-0.199272125493735,0.579888120759279,0.338630102109164
"790",-0.825930349063128,0.00791646726429462,-0.140141937881708
"791",-0.308379566762596,0.615377833601087,0.638904160819948
"792",0.335323262028396,-0.323183491360396,0.334636258427054
"793",-0.0583342234604061,-0.70530963735655,-0.353067617397755
"794",0.0471657537855208,-0.734935523476452,0.220208648126572
"795",0.482352628838271,-0.000752358231693506,0.87493269983679
"796",0.345958795864135,0.266732445918024,0.826244690455496
"797",-0.0233686519786716,-0.639004864729941,0.215246010106057
"798",0.477903985418379,0.641240604221821,0.41048070602119
"799",-0.171590576414019,-0.354961541946977,-0.0994387222453952
"800",-0.0978598203510046,0.346253146417439,-0.872986748348922
"801",0.800164022482932,0.272098270244896,0.466197937261313
"802",0.985662628430873,-0.000428511761128902,0.0508427550084889
"803",-0.379250014666468,0.526038962882012,0.358206391800195
"804",0.0188706312328577,0.732441337779164,-0.183673821855336
"805",0.790003530215472,-0.00979826925322413,0.153323768638074
"806",-0.278026393614709,-0.0487575251609087,-0.226463981438428
"807",-0.137472949456424,-0.219146641902626,0.0590829406864941
"808",0.0436602714471519,-0.514420345425606,-0.184532329440117
"809",0.253114291466773,-0.38028027350083,0.359620441216975
"810",-0.334985664114356,0.808885467704386,-0.125148312654346
"811",-0.00826343894004822,0.31548611773178,-0.108810819685459
"812",-0.454154219478369,-0.347257498651743,-0.241268229670823
"813",0.058514169882983,-0.124913050793111,-0.440052208956331
"814",0.393044050317258,0.236104507930577,-0.81148785026744
"815",-0.289965340867639,0.517148860264570,0.4496756112203
"816",-0.359162324573845,0.337265457492322,0.130751261953264
"817",-0.343517562374473,0.316596946679056,0.296837614383548
"818",-0.0967139978893101,-0.465723279397935,-0.215076762717217
"819",-0.238637737464160,0.786498378030956,-0.119239496532828
"820",-0.299521116074175,0.523732593748719,0.782636523246765
"821",-0.0422171945683658,-0.420918142888695,-0.102296798024327
"822",-0.164309974294156,-0.804962722118944,0.483536687679589
"823",-0.219245589338243,0.0069737252779305,0.779002112802118
"824",-0.693288646638393,0.465962768997997,0.0856819120235741
"825",0.75328816799447,-0.00806200597435236,-0.0763568356633186
"826",-0.0675262757577002,-0.319872155785561,-0.903002864215523
"827",-0.0652874843217432,-0.218161329161376,0.13870810251683
"828",0.277495983056724,-0.477698041126132,-0.113995845895261
"829",-0.266301380936056,-0.0976005429401994,0.949477104470134
"830",-0.254040997941047,-0.2207096144557,-0.706618065014482
"831",0.170223937369883,-0.221377411391586,-0.380355296190828
"832",-0.201966147869825,-0.429290880914778,-0.41916892118752
"833",0.426507076248527,0.414873136673123,0.743223470635712
"834",-0.525016242172569,-0.247355051804334,-0.465759505517781
"835",0.584428519010544,-0.532669603358954,0.271317256148905
"836",-0.741272038780153,-0.183206052053720,-0.196897193323821
"837",0.0105444900691509,0.755306049250066,0.448571386281401
"838",-0.608557048253715,0.451065987814218,0.0439353911206126
"839",-0.353797793854028,-0.388434885069728,-0.619106127414852
"840",0.391140029300004,0.262447645887733,0.0231360639445484
"841",-0.731266490649432,-0.0431355624459684,0.357317377347499
"842",-0.844651716761291,0.236222870182246,-0.184507980011404
"843",0.0844696210697293,0.746186322998255,-0.64434763463214
"844",-0.21502791531384,0.735240865964442,-0.160733161959797
"845",0.752050258219242,0.317327549215406,-0.43642982840538
"846",0.802600065711886,-0.319550096523017,-0.227894450537860
"847",-0.0804818435572088,0.613361236639321,-0.541975744534284
"848",0.806109112221748,0.240286452230066,0.340031071100384
"849",0.174982476513833,-0.5490369242616,0.264109365642071
"850",0.478260633535683,-0.320616719312966,-0.816152843646705
"851",-0.0280323075130582,0.0666133724153042,0.484376882668585
"852",-0.5826441408135,0.698764346539974,-0.203290106728673
"853",0.260720429010689,-0.0234337328001857,0.354409294668585
"854",0.172381348907948,0.365219381637871,0.516903779003769
"855",-0.121573922690004,-0.240931103471667,0.486991265788674
"856",0.283238158561289,-0.247985800728202,0.162334429100156
"857",-0.566804454661906,-0.697150627151132,-0.0352951786480844
"858",-0.61577693047002,0.540322339162230,-0.371192215476185
"859",-0.0628769332543015,0.697188190184534,-0.0530919637531042
"860",0.652600440662354,0.327795858494937,0.129017233848572
"861",0.202011093497276,0.699598890729249,-0.179615647532046
"862",-0.163785962853581,0.799338543321937,-0.413525082170963
"863",0.369423244148493,0.564760554581881,0.581830337177962
"864",-0.129774317611009,0.265757639426738,0.403111827094108
"865",0.795893249101937,0.493255737703294,0.185493342112750
"866",0.236171314027160,0.0767950345762074,-0.632096814457327
"867",-0.00129129923880100,0.354616398457438,-0.757808939088136
"868",0.305205824784935,0.203451520763338,0.640862995292991
"869",0.499484807718545,0.552968708332628,0.215682952199131
"870",-0.104875451885164,0.842243363615125,-0.048553048633039
"871",-0.310216592624784,0.533717595040798,0.608518412802368
"872",-0.336021664552391,-0.80199981154874,-0.0951089696027339
"873",0.582457565702498,0.154813891742378,0.0478235692717135
"874",-0.549599359277636,-0.443350086454302,0.596821031533182
"875",0.848873204551637,-0.441141285002232,-0.0976977874524891
"876",-0.573328856378794,0.097522116266191,0.0683307508006692
"877",-0.00814509857445955,-0.353285673540086,0.375708390027285
"878",-0.0416312962770462,0.0116540524177253,-0.408557235728949
"879",0.0931651839055121,0.0197634794749320,0.667414915282279
"880",-0.168672719039023,-0.774707801174372,-0.261600837111473
"881",0.110667683184147,-0.0370923615992069,0.177282076794654
"882",0.200393744744360,0.485457584261894,-0.174896456766874
"883",-0.580217774026096,0.226668678224087,0.0666194809600711
"884",0.52507363492623,0.382069890853018,0.498744894750416
"885",-0.418241795152426,0.163429070264101,-0.474158741999418
"886",-0.500055473297834,0.097765020094812,-0.813058695755899
"887",0.542199582792819,0.425436243414879,0.478878263849765
"888",0.0544578209519386,0.900743729434907,-0.0100638489238918
"889",0.105754200834781,0.229054737836123,0.140933352522552
"890",0.487801396753639,0.270471454132348,-0.496227513067424
"891",0.115167402196676,0.15609613340348,-0.325597674120218
"892",-0.702263694256544,-0.381792530883104,0.119131396058947
"893",-0.496790177188814,-0.301567355636507,0.102270712610334
"894",-0.0961061595007777,0.331271051894873,-0.297845218330622
"895",-0.155673260800540,-0.549231186974794,-0.0872679208405316
"896",-0.6288842856884,0.215775753371418,0.0430515445768833
"897",-0.682912990450859,-0.480944765731692,0.2181431571953
"898",0.492177378386259,-0.302705628331751,-0.344510011840612
"899",-0.193787944503129,-0.0650299950502813,0.0816526305861771
"900",0.531902420800179,0.383967084810138,-0.184764050412923
"901",0.699971225578338,-0.290799268055707,-0.375773872248828
"902",0.106361210346222,0.440714044496417,0.536746746394783
"903",0.471962401177734,0.369953379966319,0.0695641939528286
"904",-0.218247400596738,-0.654757087118924,0.673007428646088
"905",-0.230492051225156,-0.950617618393153,-0.177524050232023
"906",-0.32153276540339,-0.503362275194377,-0.464803956449032
"907",0.0467817774042487,-0.167867510579526,0.723613257985562
"908",0.0961079308763146,0.0849563465453684,0.434794158209115
"909",0.355770342051983,0.766409678850323,0.208835981786251
"910",0.588850924279541,-0.0281914314255118,0.0649200156331062
"911",0.665095627307892,0.297293465118855,0.130327022168785
"912",0.310986021533608,0.550776361022145,0.576169253792614
"913",0.188279495108873,-0.244057429023087,-0.296989449299872
"914",0.388003431260586,-0.660945394076407,-0.565099468454719
"915",-0.165224983822554,-0.0937800724059343,-0.96608620416373
"916",0.292956713587046,-0.45377875957638,-0.065379231236875
"917",0.403112138155848,-0.696700879372656,0.397767934482545
"918",0.387816390022635,-0.422165589407086,0.199805663432926
"919",0.144821571186185,0.848912861663848,0.232251937966794
"920",-0.364424576982856,0.388889990746975,0.641320961993188
"921",0.416284066624939,-0.228497750125825,0.112195672001690
"922",0.512485196813941,0.0578452968038619,0.617769897449762
"923",-0.421908609103411,-0.588917914312333,-0.259403161238879
"924",0.615609891247004,-0.126444354653358,0.427108980715275
"925",0.714444343466312,-0.249256356619298,-0.321760093793273
"926",0.547074740752578,0.434714306145906,0.103779878001660
"927",-0.308565437328070,-0.637073107995093,0.263557065278292
"928",-0.701860436238348,-0.353095753584057,0.238513635005802
"929",0.488233492709696,0.155147859826684,0.270928076468408
"930",0.292513752821833,0.219696720596403,-0.270926913246512
"931",0.137759638018906,0.194002110511065,-0.165573203470558
"932",0.314080109354109,0.0440325429663062,0.121575473807752
"933",0.418874772731215,-0.186497635673732,0.629532895982265
"934",0.844443693291396,-0.421705778222531,-0.137474307790399
"935",-0.191336515359581,0.281245866790414,0.546917610336095
"936",-0.0882229739800096,-0.441559502389282,-0.0132535453885794
"937",-0.876032272353768,-0.053193065803498,0.361639114562422
"938",-0.492911456152797,0.156716221477836,0.690578004345298
"939",0.379755368921906,0.476100056432188,-0.272776773665100
"940",-0.895190751645714,0.223613930400461,-0.237685654778033
"941",0.305758397094905,-0.0859258878044784,-0.715330563485622
"942",0.303131756838411,-0.122964363079518,-0.209477026481181
"943",0.139932847116143,0.348038373980671,0.0425460273399949
"944",-0.319434946402907,-0.320753282867372,-0.63234079349786
"945",0.932777419686317,0.134554211050272,-0.237963664345443
"946",-0.684414986055344,0.407425133045763,-0.152512008324265
"947",0.0520650795660913,0.603467076551169,0.142429449129850
"948",0.333293196279556,0.550317433197051,0.384686150588095
"949",0.610241112764925,-0.177599682938308,0.471876664087176
"950",0.780654494185,0.173219896387309,0.0589425940997899
"951",0.323119699489325,0.537172298878431,0.690611898433417
"952",-0.0886026625521481,0.930821511428803,-0.329238475766033
"953",0.360801728907973,-0.70054652215913,0.280520914122462
"954",-0.543807016219944,-0.529896540101618,0.0813651592470706
"955",-0.612417778000236,0.45538765611127,-0.0615783897228539
"956",0.399978443980217,0.298502167221159,0.788410977926105
"957",0.225385580677539,0.420929549261928,0.47219126066193
"958",-0.816784859634936,-0.0746172606013715,0.277198158204556
"959",0.455359234940261,0.259328715503216,-0.251389824319631
"960",-0.126453836914152,-0.817025295924395,0.435639893170446
"961",-0.0545596913434565,0.270405263174325,0.205261153168976
"962",-0.299987218342721,-0.847837908193469,0.0988383325748146
"963",0.00028060982003808,-0.578223092015833,0.217962241731584
"964",0.302288341801614,0.486092150211334,0.234083962161094
"965",-0.603066925890744,0.641778783872724,0.153883326798677
"966",0.842156557831913,0.239104964304715,-0.18709735898301
"967",-0.40342971496284,-0.577774259727448,0.602222113870084
"968",-0.115338932257146,0.138975664041936,-0.242791633587331
"969",-0.110982036683708,-0.111808338668197,0.0162007589824498
"970",0.282086097635329,0.895969313103706,-0.272260494530201
"971",0.0171621544286609,0.353301597759128,-0.397468027193099
"972",0.316462544724345,-0.255275279283524,0.00124766584485769
"973",-0.173668724950403,0.649090072140098,0.276250639930367
"974",-0.0372558841481805,-0.195505241863430,0.510833346750587
"975",0.835537943989038,-0.282187118660659,0.285417826380581
"976",0.576979811303318,-0.142547073774040,0.164108857978135
"977",0.145620248746127,-0.381900267675519,0.750164481345564
"978",0.0520742693915963,0.654529256280512,-0.562564929947257
"979",0.0424791947007179,0.322941564489156,0.191347702406347
"980",0.570737237110734,-0.484785529319197,0.216738732997328
"981",-0.233288418501616,0.0532972109504044,0.915332958102226
"982",-0.170445072464645,0.668989975005388,0.444102056790143
"983",0.395643635652959,0.305343931540847,-0.73645563563332
"984",0.407371067442,-0.358290104195476,-0.605449522379786
"985",-0.388642936013639,-0.0123598352074623,0.288012201432139
"986",0.0600538640283048,-0.855714224278927,-0.166096230968833
"987",-0.0699586486443877,-0.772398859728128,0.00541058368980885
"988",-0.779059944674373,-0.112841923721135,0.605589370243251
"989",-0.588342705275863,0.755303055047989,-0.269414428155869
"990",0.601571412291378,-0.428596551995724,0.253747730981559
"991",0.717228258028626,-0.276880721095949,0.256031732540578
"992",0.787242071703076,-0.065756015945226,-0.457457606680691
"993",-0.028932788874954,0.294178376439959,0.420446706004441
"994",-0.421815584879369,0.445302892010659,0.376917502377182
"995",0.192366254515946,0.47154480824247,-0.401731174439192
"996",-0.739538268186152,0.47448738804087,-0.0636801864020526
"997",0.555255305953324,0.241486534941941,-0.367862382903695
"998",0.346158660016954,0.545454716775566,0.762486152350903
"999",-0.371023689862341,-0.195551338139921,0.0151980770751834
"1000",-0.603417592123151,-0.432549857534468,-0.584511670749635
"1001",-0.209329675417393,-0.831130266189575,0.437821322586387
"1002",0.00802979292348027,-0.78676550090313,0.45370442327112
"1003",0.162814486771822,-0.0481190774589777,-0.795649755280465
"1004",-0.910299646668136,-0.21875541517511,-0.177067577838898
"1005",-0.0299764731898904,0.318453479092568,-0.776608739979565
"1006",0.435183310415596,0.625660633668303,-0.00263390317559242
"1007",-0.242591509595513,-0.834144408348948,0.161940709687769
"1008",-0.0936291464604437,-0.564949500840157,-0.246232732664794
"1009",0.16344478353858,0.111109874211252,0.335636790841818
"1010",0.775305638089776,0.0251856818795204,-0.345694314688444
"1011",-0.113182809669524,0.627237119246274,-0.109182434156537
"1012",-0.327397126704454,0.0242835469543934,0.689210937358439
"1013",-0.596412207465619,-0.363560563884676,0.677705907728523
"1014",-0.273682069964707,-0.798495048191398,-0.415417480282485
"1015",0.266477651894093,0.409592216834426,-0.269523412454873
"1016",0.111222711391747,-0.559375183656812,-0.48742023576051
"1017",-0.346923637203872,0.302514934446663,-0.535348851699382
"1018",0.184533951804042,0.493067238945514,-0.460184842348099
"1019",-0.00139032769948244,-0.854406961705536,0.122971847187728
"1020",-0.167724111117423,0.882009929977357,0.130054609384388
"1021",0.644299574662,-0.319204403087497,-0.0442126877605915
"1022",0.208251844160259,-0.164738711901009,-0.843941279686987
"1023",-0.501992005389184,-0.59485788969323,0.591270674951375
"1024",-0.176669833716005,-0.151806134730577,0.527570935897529
"1025",0.490195451769978,0.492192175704986,-0.53213705914095
"1026",0.794275734573603,0.0148992827162147,-0.0433181175030768
"1027",-0.110351784620434,-0.303613014053553,-0.907148385420442
"1028",0.502982609905303,0.63713635224849,-0.131446758285165
"1029",-0.378497073426843,0.0716471788473427,0.697881731204689
"1030",-0.797236365266144,0.0467219296842813,-0.541317886672914
"1031",-0.462775697000325,-0.168791363947093,0.521158051211387
"1032",-0.433896146249026,0.434671997558326,0.0152694149874151
"1033",-0.418693804647774,0.135424397420138,0.317280114628375
"1034",0.187506089452654,-0.570402066223323,-0.517287087161094
"1035",0.337672495283186,-0.409841805696487,-0.75564657477662
"1036",-0.431693096179515,0.140366620384157,-0.303128456231207
"1037",0.270851741079241,0.893118880689144,0.0651594498194754
"1038",-0.403571832925081,0.333002052735537,-0.667319195810705
"1039",0.71157147642225,0.679215393494815,-0.00369467865675688
"1040",-0.0361796957440674,-0.251554228365421,-0.527853429317474
"1041",0.286736961919814,-0.149327822960913,-0.322131704539061
"1042",0.504838931839913,-0.339759445749223,-0.273967005312443
"1043",0.638310548383743,-0.174143436364830,0.59869009302929
"1044",0.340807656757534,-0.605840606149286,0.299632739275694
"1045",0.828743668273091,0.192541840486228,-0.0130906742997468
"1046",0.385991046205163,0.441768241114914,-0.093652933370322
"1047",0.46016551181674,-0.387093421537429,0.258009524084628
"1048",0.85126026859507,-0.33883946435526,0.38624663092196
"1049",0.842300349846482,-0.498940226621926,-0.0517727117985487
"1050",-0.0980336321517825,0.0509667131118476,-0.26021029567346
"1051",-0.482093269005418,0.0956280827522278,0.492187265306711
"1052",0.484217673540115,-0.128054509870708,0.638814764097333
"1053",-0.199302081484348,-0.441158331930637,-0.481869267765433
"1054",-0.087486878503114,-0.524245005100965,0.212271878961474
"1055",0.456545494496822,-0.193441073875874,-0.497241018805653
"1056",0.385438122786582,0.211124591529369,0.439226690679789
"1057",-0.446790786925703,0.204638454131782,0.390040259342641
"1058",0.223184176720679,-0.091788993217051,-0.277189032174647
"1059",-0.195494966581464,-0.239868624135852,0.153347555547953
"1060",0.142730096355081,0.718325272668153,0.428946227300912
"1061",-0.196659768931568,-0.492214703466743,-0.363556552678347
"1062",-0.132385679055005,0.354437564965338,0.859275270719081
"1063",-0.696246353443712,0.556592151988298,0.400791597552598
"1064",-0.0923872762359679,-0.169768362306058,0.794866879936308
"1065",-0.327015406917781,0.505483983084559,-0.542870493605733
"1066",-0.00355450669303536,0.556506119668484,0.281147474888712
"1067",0.0117738642729819,-0.42821193812415,-0.762237798422575
"1068",0.104955402668566,0.264740245416760,0.0691986344754696
"1069",-0.237927802372724,-0.870100370142609,0.197102442849427
"1070",-0.749459438025951,0.387954580597579,-0.418323121964931
"1071",-0.335764016956091,-0.336456175893545,0.573328893166035
"1072",-0.0320234252139926,0.220278864260763,0.570231089834124
"1073",-0.74398787226528,0.237630492541939,-0.108727923128754
"1074",0.00489253597334027,-0.627566446084529,-0.214274528436363
"1075",0.215773692820221,0.72066384088248,-0.537018382921815
"1076",0.811228211037815,-0.221818589605391,-0.138679535128176
"1077",-0.0152008952572942,-0.0225847079418600,0.299950667191297
"1078",0.400701279286295,0.186249027960002,0.847530453465879
"1079",0.5616370360367,-0.175275966990739,0.80064348038286
"1080",-0.335379852447659,-0.523740673903376,0.0919976937584579
"1081",0.00687750754877925,-0.115617273841053,0.456857435870916
"1082",-0.411264912225306,-0.394226391334087,-0.81957224290818
"1083",-0.787928811274469,0.114495627582073,-0.317943511530757
"1084",0.330518461298198,-0.457651131320745,0.545499484520406
"1085",0.305233701132238,0.716305725742131,0.497989596333355
"1086",0.397153758443892,0.173562743701041,-0.853357509244233
"1087",-0.055077388882637,0.0738141913898289,0.387645388487726
"1088",0.271910035051405,-0.774889163207263,-0.122342272661626
"1089",-0.294311793055385,0.765279542654753,0.302289752755314
"1090",-0.625918909907341,0.522167725022882,-0.361117718741298
"1091",0.108411137480289,0.457901417743415,-0.60160954343155
"1092",0.0370734371244907,-0.118826708290726,0.0761903119273484
"1093",0.491295765154064,0.276781734079123,-0.109844274818897
"1094",0.00786043284460902,0.218971134629101,-0.61563459970057
"1095",0.164960768073797,-0.703026744537055,-0.194243356119841
"1096",-0.842803495004773,-0.197258238680661,0.113951654173434
"1097",0.155032492242754,-0.52191768726334,0.66105443611741
"1098",-0.184602790977806,0.526707734912634,0.646619095932692
"1099",0.514276336412877,-0.518790015485138,0.542671498842537
"1100",0.826967736240476,0.189775202423334,-0.222077560611069
"1101",0.801760043948889,-0.076112768612802,0.216459315735847
"1102",0.0267899166792631,0.692140370141715,-0.0252249529585242
"1103",-0.431976106949151,-0.234596808440983,-0.766750825103372
"1104",-0.285255347844213,-0.0823764465749264,-0.205887143500149
"1105",0.348603080958128,-0.0356537564657629,0.511319504585117
"1106",0.581815684679896,-0.414778715930879,-0.292505096178502
"1107",-0.384855726733804,-0.83198638400063,0.362372551579028
"1108",-0.135354529134929,0.278496320359409,0.643509530927986
"1109",-0.312093176413327,0.0169347529299557,0.58054979890585
"1110",-0.407768978737295,-0.159758576657623,0.575546679086983
"1111",0.323998432606459,0.387963083107024,0.536532014142722
"1112",-0.793487646616995,-0.325781906954944,0.304517221171409
"1113",-0.796970470808446,0.344372045248747,0.375073642469943
"1114",0.462881446816027,0.257808025460690,-0.197240915149450
"1115",-0.251162498723716,-0.304550477303565,-0.339850955177099
"1116",0.372655889950693,-0.208148892503232,0.472452647984028
"1117",0.238506376743317,0.315693047363311,0.544251506682485
"1118",0.267198277171701,-0.83126376196742,0.244237626902759
"1119",-0.833446462173015,0.121175860520452,-0.277326131239533
"1120",0.169071983546019,0.345811060164124,0.220733118243515
"1121",0.805248933844268,-0.216858359053731,-0.279686100315303
"1122",-0.382702314294875,0.709709161892533,0.229107910301536
"1123",-0.457372354343534,0.0837524835951626,-0.385247542988509
"1124",0.0602882318198681,0.727793565951288,-0.316001432016492
"1125",-0.243744281586260,0.620679433923215,0.708429996855557
"1126",-0.130169245414436,-0.293595865368843,-0.856821771711111
"1127",0.395511253271252,0.287904902826995,0.191723888739944
"1128",0.234361470211297,-0.524903580546379,-0.240250171162188
"1129",-0.145238752942532,0.194246362429112,-0.588868706487119
"1130",0.304030038416386,-0.708568084519356,-0.24059334397316
"1131",-0.672451108694077,-0.737162627279758,0.0583166112191975
"1132",0.712133148219436,-0.584220909513533,-0.357380800414830
"1133",0.199851823970675,-0.173459657002240,-0.934588736388832
"1134",0.600498093292117,-0.590936499647796,0.248924097511917
"1135",-0.105716161429882,-0.457073521334678,-0.386770946905017
"1136",0.460200875066221,-0.398869597353041,-0.122525337617844
"1137",0.494277779944241,0.223643640521914,0.318141515366733
"1138",-0.073836955241859,0.598291256930679,-0.359883755911142
"1139",0.620306642260402,-0.608746500685811,0.271352224983275
"1140",-0.0211952934041619,-0.0139443096704781,0.725134207401425
"1141",-0.299420585855842,-0.0101457401178777,0.00727970711886883
"1142",-0.33528389967978,0.274274453055114,0.364569803699851
"1143",-0.926374518778175,-0.047254987526685,-0.284390309359878
"1144",0.360114286653697,-0.542676922865212,-0.0230008740909398
"1145",-0.633513344451785,0.435507201589644,-0.453986205160618
"1146",-0.0460437312722206,-0.582503953482956,-0.303455728106201
"1147",0.661400845274329,-0.71268434310332,0.210306078195572
"1148",-0.375437866430730,0.448490939568728,0.286503186449409
"1149",-0.613930714782327,0.162651245016605,-0.330675471574068
"1150",0.0257084192708135,0.140758265741169,-0.556714235804975
"1151",-0.741220187861472,-0.0889061968773603,-0.591439712326974
"1152",-0.0863142469897866,0.942171513102949,0.0508337011560798
"1153",-0.432200931012630,-0.406226477585733,0.000155377667397261
"1154",-0.328232285566628,-0.471684257034212,0.78087987517938
"1155",0.134532372932881,-0.129025599453598,0.41384500823915
"1156",-0.728120642714202,-0.281702136155218,0.14153102459386
"1157",-0.383276882115752,-0.47180684376508,-0.122418550774455
"1158",-0.0906674275174737,-0.637407349888235,-0.502569400705397
"1159",0.728261208161712,-0.24985068757087,-0.0312099908478558
"1160",-0.244655393064022,-0.0310760326683521,0.414442869834602
"1161",-0.0720628872513771,-0.494967683684081,0.335194784682244
"1162",-0.366222632117569,-0.319144948385656,-0.718696842901409
"1163",0.376904845703393,0.234512638300657,0.48001555679366
"1164",-0.0678419671021402,-0.633549142163247,-0.754039337858558
"1165",-0.538222386036068,-0.636544964741915,-0.232743992935866
"1166",-0.117311692796648,-0.870404276065528,0.0185776012949646
"1167",-0.137307258322835,-0.334023076575249,-0.00999868754297495
"1168",0.584618748165667,-0.378790668677539,0.070374055299908
"1169",0.555430035106838,-0.251130645629019,0.125532924663275
"1170",-0.677778175100684,-0.223741614725441,0.426859281025827
"1171",0.250618211459368,0.647645795717835,0.222931865137070
"1172",-0.127118663862348,0.353646514471620,0.0150957568548620
"1173",-0.818637304473668,-0.107415062841028,-0.345243248157203
"1174",-0.00911839865148067,0.524611736182123,0.295610156375915
"1175",0.78180127311498,0.500592252239585,0.264813194982708
"1176",-0.89554591383785,-0.223923826124519,-0.0357187422923744
"1177",0.422402074560523,0.312932060100138,-0.266314777079970
"1178",-0.612382627092302,-0.167859469540417,0.672842762432992
"1179",0.00216527748852968,-0.788013199809939,0.251806283835322
"1180",-0.305578746367246,-0.207489807158709,0.598231788724661
"1181",-0.463214131072164,-0.272145103663206,-0.484858675394207
"1182",-0.71487431274727,-0.469972947612405,0.036417986266315
"1183",-0.55083029018715,-0.796135841403157,0.0291651571169496
"1184",-0.407210463192314,0.169215228408575,0.2936657583341
"1185",-0.471105580683798,0.101315956562757,-0.0341462581418455
"1186",0.379911869764328,0.583040459081531,0.0904223751276731
"1187",-0.355637455359101,0.777284498792142,0.459501550067216
"1188",-0.665118352044374,-0.590119944419712,-0.32830430008471
"1189",0.165608449839056,-0.778556269593537,0.475924484897405
"1190",0.245957417413592,0.519443024881184,0.544766122940928
"1191",0.372314634267241,-0.0765271750278771,0.236753716599196
"1192",0.374253366142511,0.344865393824875,-0.557829292491078
"1193",-0.0885243248194456,0.0329967541620135,-0.397183104418218
"1194",-0.133517614100128,0.921209195163101,-0.225816044490784
"1195",-0.265216141007841,-0.61150790983811,0.223805681802332
"1196",-0.0763231101445854,-0.0290714916773140,0.786557514220476
"1197",-0.255703646223992,0.760333754122257,-0.529382094275206
"1198",0.891389975324273,-0.336322912480682,0.158281956333667
"1199",0.781411475036293,-0.321875152178109,-0.197421646211296
"1200",0.662502550520003,-0.180860622785985,0.474211249966174
"1201",0.931202438194305,-0.177272388711572,0.228968118783087
"1202",-0.0721218129619956,-0.360305291134864,0.691299173980951
"1203",-0.702639381866902,-0.243455040734261,0.561292651109397
"1204",0.595097558107227,0.0244995658285916,-0.638610882218927
"1205",-0.394700622651726,0.49757611239329,0.274863232858479
"1206",-0.238892764318734,0.170528230722994,-0.666154150851071
"1207",-0.631920265965164,-0.616589740850031,-0.0349151431582868
"1208",-0.829497556202114,0.0141726592555642,-0.021300514228642
"1209",-0.166373888496310,0.62617523688823,-0.270216637291014
"1210",-0.272126774769276,0.341336487792432,-0.554356106091291
"1211",-0.624370707664639,-0.710905726533383,0.202156635932624
"1212",-0.531323607079685,0.484063418116421,-0.233967860694975
"1213",0.0565434265881777,-0.0306611005216837,0.728385112248361
"1214",0.321914076339453,-0.627709904219955,-0.264398423023522
"1215",0.150686837267131,0.197814341634512,-0.732725127600133
"1216",0.456113988533616,0.186280561611056,0.538717364892364
"1217",0.165504231583327,0.882383983582258,0.384148462675512
"1218",0.0834678071551025,0.547609014436603,0.283825917635113
"1219",0.458044851198792,0.276926275808364,0.0453553646802902
"1220",0.102927020285279,-0.9030492734164,0.0716901980340481
"1221",0.0842243349179626,-0.0844742385670543,0.625324337743223
"1222",-0.429257029201835,-0.137930615805089,-0.591657675802708
"1223",0.120453745592386,-0.302107410505414,0.546863800380379
"1224",0.129740848205984,-0.258244560100138,0.365691479295492
"1225",-0.163759482558817,-0.555160825140774,0.0117882913909853
"1226",0.768181871622801,0.175601634196937,0.594764089677483
"1227",-0.678123407065868,0.174313851632178,-0.180800953414291
"1228",0.441777355968952,0.218087584711611,-0.864352040924132
"1229",-0.587584216613322,-0.132153656333685,-0.392117411829531
"1230",0.663007609080523,-0.435726644936949,-0.278045254293829
"1231",-0.0600213436409831,0.417520453687757,-0.891998701263219
"1232",-0.536272102035582,0.175874329637736,-0.316306309774518
"1233",-0.518926363438368,-0.316367621999234,-0.110688012558967
"1234",-0.175626273732632,-0.682344248518348,-0.322635842952877
"1235",0.202788909897208,0.703339304309338,-0.234166650101542
"1236",0.249231027904898,0.165784241165966,-0.257363296579570
"1237",0.162946388591081,0.432383718434721,-0.187187107279897
"1238",-0.817177473101765,-0.276463998481631,0.136464085895568
"1239",0.222928645089269,0.444803833495826,0.65245735552162
"1240",-0.258308175951242,0.579440233297646,-0.429106065072119
"1241",-0.44847418833524,0.875225326046348,0.125750493258238
"1242",-0.226588838733733,-0.726634967606515,0.0733975940383971
"1243",0.328184343874454,0.0548108844086528,0.399338061455637
"1244",0.277601579669863,0.109005618374795,0.765161430928856
"1245",-0.0479115615598857,0.0589099926874042,0.985260703600943
"1246",-0.506842588074505,-0.4980523083359,0.02754718484357
"1247",-0.0516936690546572,-0.509700973052531,0.477518803905696
"1248",-0.140195587184280,0.337364971637726,-0.409265337977558
"1249",0.0808211802504957,0.0857646423391998,-0.782680100761354
"1250",-0.723545965738595,0.308876289054751,-0.558035047724843
"1251",-0.544419499579817,0.668652110733092,0.285000770352781
"1252",0.76071584969759,-0.187114901375026,-0.215769383125007
"1253",0.143515072297305,0.784322463907301,0.296998330857605
"1254",-0.441927650477737,-0.000332027673721313,-0.392132895998657
"1255",0.600512273143977,0.118085941765457,-0.650518206413835
"1256",-0.658090614713728,0.175054965540767,0.329890477005392
"1257",-0.214756045490503,0.436155281029642,0.723463918082416
"1258",0.51381317852065,0.0129698039963841,-0.560757250059396
"1259",0.204381608869880,0.450700683984905,-0.185200741980225
"1260",0.76848135329783,-0.326752330642194,0.270898403134197
"1261",0.417369609232992,-0.334354925435036,0.118471148423851
"1262",-0.128195633180439,-0.480157497338951,0.287210634443909
"1263",0.390695307869464,0.442565209232271,0.184928499627858
"1264",0.210491728503257,0.0246595153585076,-0.388143657706678
"1265",-0.552338019479066,-0.175610704813153,0.47192783979699
"1266",0.544522427022457,0.179180968087167,0.325055350083858
"1267",0.57896613003686,0.47508924966678,0.0708505953662097
"1268",-0.661819380242378,0.310543204192072,-0.295591804664582
"1269",0.42772153345868,-0.00486528780311346,-0.901451130863279
"1270",0.461423502769321,0.197556322440505,0.595338365994394
"1271",-0.0186175797134638,0.205225313082337,-0.577225994784385
"1272",-0.345338700804859,-0.72629241226241,-0.247626311145723
"1273",0.465273855254054,-0.454342240933329,-0.675176738295704
"1274",-0.0433544777333736,0.803999287541956,0.321346497628838
"1275",-0.0183763038367033,0.612501646857709,0.498950027860701
"1276",-0.484700574539602,-0.42778446059674,-0.351734907831997
"1277",-0.43441552715376,-0.219784904271364,-0.575752801727504
"1278",0.528226088732481,0.740823335479945,0.238443542271852
"1279",-0.836471177637577,-0.293218700680882,-0.120101857464761
"1280",0.158273443114012,0.541827198583633,0.124035160988569
"1281",-0.267756329849362,0.900552459992468,-0.317167193628848
"1282",0.54439649451524,0.281682358589023,-0.0496907168999314
"1283",-0.287872198037803,0.387649578973651,-0.00655701803043485
"1284",0.24470791220665,0.247512015979737,-0.0453587775118649
"1285",-0.86346726352349,-0.285208850633353,0.410466460511088
"1286",0.746126386336982,0.297299115918577,0.471323821693659
"1287",0.328969912603498,-0.0147447078488767,-0.781110662035644
"1288",-0.678763776551932,-0.109004164580256,-0.307121542748064
"1289",-0.750820561312139,-0.63648080965504,-0.0604496174491942
"1290",0.510591863654554,-0.121887028682977,-0.763442701194435
"1291",-0.915968660730869,0.386869177222252,0.0758123714476824
"1292",0.160370211116970,-0.357154513709247,0.222403215244412
"1293",-0.909451535902917,-0.109060465358198,-0.319956060498953
"1294",-0.301941324491054,-0.64311955217272,0.62393994582817
"1295",-0.327655377797782,-0.598913516383618,0.596239124424756
"1296",-0.531915886327624,0.0854410179890692,0.122424127999693
"1297",0.299877608660609,0.499830447137356,0.208509592339396
"1298",-0.738741707988083,0.461079845670611,0.127087131608278
"1299",-0.745424300432205,0.471739722881466,0.238635039888322
"1300",-0.320806520525366,0.13879639422521,-0.206084538251162
"1301",0.186138520948589,0.872816253453493,-0.329398095607758
"1302",-0.457282071467489,0.293760863598436,0.164828284643590
"1303",0.537050012033433,0.69972854712978,0.175954565405846
"1304",-0.456946871243417,0.17507049953565,-0.318369682412595
"1305",0.0326505857519805,0.496852192562073,0.662420225329697
"1306",0.0639944556169212,-0.397656597197056,-0.245837700553238
"1307",-0.314213811885566,-0.649486373644322,-0.577484881039709
"1308",-0.205950345844030,-0.277733600698411,-0.406793590635061
"1309",0.00527432980015874,0.213679627049714,-0.733889936003834
"1310",0.169899566099048,0.464904656168073,-0.406210444867611
"1311",0.675230010412633,0.282086899969727,-0.468612611759454
"1312",0.238558427430689,-0.194375120103359,0.367473192047328
"1313",0.0678975712507963,-0.517746226396412,0.38878307165578
"1314",-0.054426715709269,-0.571035751607269,-0.610958711709827
"1315",0.242118877824396,-0.00115940161049366,-0.747175552416593
"1316",0.691369741689414,0.341741851996630,0.0940631977282465
"1317",-0.756253764498979,0.0493695219047368,-0.0603900626301765
"1318",-0.639033548068255,0.0358176059089601,-0.0332650057971478
"1319",-0.479723249096423,-0.510372179560363,0.474164392333478
"1320",-0.211398716084659,-0.0441401670686901,-0.232522233854979
"1321",0.758885617367923,0.467298611067235,-0.167645685840398
"1322",0.240289182402194,-0.600814605131745,0.715034071356058
"1323",-0.366420106031001,0.20289221778512,0.407385858241469
"1324",-0.360277809202671,-0.197341504041106,0.506550854537636
"1325",-0.6934376321733,0.0386027931235731,-0.489494981244206
"1326",0.535438105929643,-0.256523290183395,0.447029374539852
"1327",0.228169310837984,0.618582788389176,0.61089207790792
"1328",-0.125323879532516,-0.174642288126051,0.425988646689802
"1329",0.0980194304138422,-0.516059225425124,0.622929840348661
"1330",-0.699711087159812,0.319207807071507,-0.365920389536768
"1331",0.432981789112091,-0.582841795869172,0.0310375657863915
"1332",0.294050715398043,0.471883711405098,0.0406441367231309
"1333",-0.855434701777995,-0.275388231500983,0.343454958871007
"1334",0.310782799031585,0.668179019354284,0.0299488715827465
"1335",-0.36912898439914,-0.923499478492886,0.0543717378750443
"1336",0.851060904562473,-0.372130636591464,-0.192464606370777
"1337",0.643417928367853,-0.413888982497156,-0.204995524138212
"1338",-0.496495154686272,0.278044927399606,0.074315884616226
"1339",0.695000166073442,-0.152293719816953,0.281413729302585
"1340",0.162946880329400,-0.356814141850919,0.0423342171125114
"1341",-0.450065916869789,-0.387054292950779,-0.468544910661876
"1342",0.299678748473525,-0.530186717398465,-0.474435070995241
"1343",-0.77758720330894,-0.447102650534362,-0.366086000576615
"1344",-0.329730350058526,0.180734185036272,-0.717456533573568
"1345",-0.217657036148012,0.0199749632738531,0.342700325418264
"1346",0.0418871147558093,-0.406397578306496,0.284798591863364
"1347",-0.531847027130425,0.393517874181271,0.402276886161417
"1348",0.219644308555871,-0.104215277358890,0.389150110539049
"1349",0.443486712407321,0.520857221446931,0.0289529417641461
"1350",-0.563925421796739,-0.0721767847426236,-0.075928227044642
"1351",-0.575106017757207,-0.81097876932472,-0.0222623241133988
"1352",-0.0332912434823811,0.402099868748337,0.271739476360381
"1353",-0.237540211062878,0.632477742154151,0.0422594584524632
"1354",0.835419937036932,0.224054561462253,0.406825609970838
"1355",0.4719147849828,-0.346695424988866,-0.786232938989997
"1356",0.210012027062476,0.289064222015440,-0.153015054762363
"1357",0.722557925153524,-0.501755191013217,0.301340924575925
"1358",-0.200369944795966,-0.820952801965177,-0.471398392692208
"1359",0.0413275216706097,-0.361766383051872,0.651706783100963
"1360",-0.228015265893191,0.330941201653332,-0.399125403258950
"1361",-0.0211366894654930,-0.299383096396923,-0.164443579036742
"1362",-0.215858935378492,0.263498038984835,0.629000185523182
"1363",-0.864670443348587,0.127793872263283,0.455763256642967
"1364",-0.369845429901034,0.683707423508167,0.254051939118654
"1365",-0.676852236967534,0.114061951637268,0.0476534785702825
"1366",0.521669017616659,0.200586028397083,0.241250666789711
"1367",-0.57763163652271,0.34388851094991,-0.21306046936661
"1368",0.425067557487637,-0.321322086267173,0.751065415330231
"1369",0.433113847859204,0.412515063770115,-0.792116137221456
"1370",0.633660729043186,0.093960431870073,-0.103535307571292
"1371",0.0846483171917498,-0.728458880912513,-0.239141553174704
"1372",0.890426012687385,-0.188467115163803,0.230305034667253
"1373",-0.619336560834199,0.529111983720213,0.538746554870158
"1374",0.608373953029513,0.00157355563715100,-0.564070351887494
"1375",0.234303996432573,0.249085054267198,-0.708405440673232
"1376",0.289902777411044,0.422096185851842,-0.363535633310676
"1377",-0.253676687367260,-0.515258416067809,0.787243077531457
"1378",-0.345122989267111,-0.495567026082426,-0.795941936783493
"1379",0.200656033586711,-0.143564264290035,-0.953645437024534
"1380",-0.680082437582314,0.65342596359551,0.256360329221934
"1381",0.117395132780075,0.476013997104019,0.646212878171355
"1382",0.224826100748032,-0.0308705158531666,-0.716867166571319
"1383",0.332633578684181,0.443662329576910,-0.731114600785077
"1384",0.0173156680539250,-0.0204206621274352,-0.369466634001583
"1385",0.036423868034035,-0.45619736937806,0.00687266886234283
"1386",-0.115440106485039,0.335930366069078,-0.124632985796779
"1387",0.177483880426735,0.940724859479815,0.269410717766732
"1388",0.266258920077235,-0.235164317768067,0.447627013549209
"1389",0.32958616502583,0.330756206996739,0.272844933439046
"1390",0.66303325118497,0.00346312904730439,-0.455044894944876
"1391",0.86630617454648,0.251929299905896,-0.177465589717031
"1392",-0.310497542377561,0.155220691114664,-0.49207414733246
"1393",-0.188407682813704,-0.40236689010635,-0.197432081680745
"1394",0.437757886014879,-0.329137667547911,-0.334292377345264
"1395",0.039090440608561,-0.0400166637264192,-0.879435339476913
"1396",-0.808220421429724,-0.25733757391572,-0.425719821825624
"1397",-0.496195961721241,0.142701526638120,0.696304205805063
"1398",-0.309689074289054,0.806625900324434,0.390895165503025
"1399",-0.216674512717873,-0.277110135648400,-0.53989104134962
"1400",-0.333773316815495,0.108971697743982,0.357740705367178
"1401",-0.123261933680624,-0.61193168675527,-0.225778088904917
"1402",-0.0354705201461911,0.668341858778149,0.567654164507985
"1403",0.0759532526135445,0.367601959500462,0.91806459845975
"1404",0.111301995813847,0.0263547427020967,-0.291735611390322
"1405",-0.693166140466928,0.444201607257128,-0.0971868108026683
"1406",-0.338887167163193,-0.64348162477836,-0.312848488800228
"1407",0.815542886499316,0.148370311595500,0.103342743124813
"1408",-0.0345263173803687,-0.83915408141911,0.00109495781362057
"1409",-0.547408416867256,0.175752901937813,0.381535316351801
"1410",0.551294730510563,-0.22655958076939,0.491475074086338
"1411",0.0114636132493615,0.130611748900265,-0.965638850349933
"1412",0.190223070327193,0.165817590430379,0.444520751480013
"1413",0.285570556763560,0.611466950271279,-0.597632714547217
"1414",0.298241527751088,0.805973588954657,0.346003218553960
"1415",-0.496428695973009,-0.0967717096209526,0.439884860534221
"1416",-0.195084649603814,0.00477653928101063,0.748482544440776
"1417",-0.407709506340325,0.394913209136575,-0.499207712244242
"1418",0.586414308287203,-0.699230151250958,-0.236636942252517
"1419",-0.639985508751124,-0.345420129131526,0.340321539901197
"1420",-0.826853183098137,-0.0943241114728153,-0.462090707849711
"1421",-0.0230815126560628,-0.110777048859745,0.791015510447323
"1422",-0.078669517301023,0.706890620756894,0.625567242503166
"1423",0.240259726997465,-0.256512986496091,-0.793096581939608
"1424",-0.250975898932666,0.101047109346837,-0.450818861369044
"1425",0.216227510012686,-0.149178165476769,0.228702321648598
"1426",0.246089984662831,-0.640337934717536,-0.224485188722610
"1427",-0.158459711354226,0.64522754214704,-0.288511118385941
"1428",0.112068274989724,0.341308660805225,0.515784706454724
"1429",0.190070859156549,0.945913988631219,0.181439786218107
"1430",-0.931286371313035,-0.303597526159137,-0.0185511605814099
"1431",-0.744788181502372,-0.334416769910604,0.0688778702169657
"1432",0.40168640203774,0.266789238434285,-0.491966535337269
"1433",-0.0578252105042338,-0.67457966087386,0.259201657027006
"1434",-0.524087754078209,0.784388952888548,0.0866092881187797
"1435",0.465373153332621,-0.177992187906057,-0.288666743319482
"1436",0.95815557660535,-0.0502370679751039,-0.00261378800496459
"1437",0.0866510355845094,0.378742759581655,0.536632243543863
"1438",0.575523139443249,0.161082576494664,0.350520793348551
"1439",-0.00144317932426929,-0.450280193705112,-0.81490139476955
"1440",0.150317848660052,-0.656866542994976,0.0468307249248028
"1441",-0.378256262280047,0.728623582515866,-0.232114727143198
"1442",0.407711091451347,-0.540223204530776,0.175272890832275
"1443",0.57797442143783,-0.314256770536304,-0.328979113604873
"1444",-0.598200087901205,-0.177767431363463,-0.65078503685072
"1445",0.279034312814474,0.200516986660659,-0.158457852900028
"1446",0.0399964866228402,-0.391909541096538,-0.102050165645778
"1447",-0.36394854914397,-0.196922412607819,-0.050351994112134
"1448",-0.112424364313483,-0.990452411118895,0.0643320735543966
"1449",0.785626012366265,-0.220258727204055,-0.544118942692876
"1450",-0.438889706972986,0.193820347543806,-0.135092655196786
"1451",-0.478821697179228,-0.0354873347096145,-0.523420134093612
"1452",0.244444631505758,-0.735644606407732,-0.170198201667517
"1453",0.560332895256579,-0.537735432386398,0.535217398777604
"1454",0.615855941083282,-0.185806186404079,-0.127121748402715
"1455",-0.0782099924981594,-0.759651436004788,0.00936782825738192
"1456",0.309023434296250,0.121558756101876,-0.212195570115
"1457",-0.763394654262811,0.202883783262223,0.307466848753393
"1458",0.212219829205424,0.328370962757617,-0.454584473278373
"1459",0.196940044872463,0.702867233194411,0.628594088368118
"1460",-0.0641896375454962,-0.176731821615249,-0.123853908851743
"1461",0.37492651026696,0.241855993401259,0.424054487608373
"1462",-0.291368830483407,0.538493931293488,-0.0444623590447009
"1463",0.459142345935106,-0.182988824788481,0.0811657253652811
"1464",-0.154409626498818,-0.402441979385912,-0.758972052484751
"1465",0.54937975294888,-0.701379240490496,-0.10237120045349
"1466",-0.68485297029838,0.152116888202727,0.0699240872636437
"1467",-0.304949306882918,0.203173307236284,-0.463144599925727
"1468",0.141963297035545,0.430622656829655,0.513162970542908
"1469",-0.0722398883663118,-0.554420742206275,0.456024659797549
"1470",0.243915769737214,-0.84670898783952,-0.184615769889206
"1471",-0.218027438037097,0.347892073448747,-0.394482695497572
"1472",-0.0641155075281858,-0.216126281768084,0.669696273747832
"1473",0.497358472086489,-0.233656612224877,0.510716366581619
"1474",0.763846419751644,0.241326898802072,0.409053578041494
"1475",-0.209896462038159,0.570267640054226,-0.429623614996672
"1476",-0.347491845954210,0.726021385751665,-0.221307713538408
"1477",-0.0524246841669083,0.689952823799103,-0.47606163751334
"1478",0.281094083096832,0.0739846406504512,-0.33325731754303
"1479",-0.202391818631440,0.473824624437839,-0.369822839740664
"1480",0.177420424763113,0.0256726820953190,-0.529623054899275
"1481",-0.0309448330663145,0.646289417520165,0.40166799724102
"1482",0.257443745154887,-0.521794339641929,0.706171290948987
"1483",-0.144612343050539,0.451182247605175,0.125244270078838
"1484",-0.230187223292887,0.436320396605879,0.518538669683039
"1485",0.307841184549034,0.301312808413059,0.0377844637259841
"1486",0.885890546720475,0.0196196921169758,0.0157604617998004
"1487",-0.416118788067251,0.67900495743379,0.0218563633970916
"1488",-0.103384216781706,0.232391049154103,-0.315147201064974
"1489",-0.559686098247766,-0.58442541025579,-0.114564131014049
"1490",0.313173696398735,0.100722099188715,0.611429542303085
"1491",0.0757959000766277,-0.857049784157425,0.208712263032794
"1492",-0.414469962008297,-0.0852769794873893,-0.481605071108788
"1493",-0.188421156723052,-0.811752864625305,0.547940830234438
"1494",-0.0339549789205194,-0.78795954119414,-0.391090599820018
"1495",-0.602606978267431,0.659959217533469,0.106382878497243
"1496",-0.264304634183645,-0.769227399956435,0.437396356835961
"1497",-0.234364924021065,-0.00586920604109764,-0.202831951901317
"1498",0.145452248863876,0.419629171490669,0.0242553516291082
"1499",-0.679672111291438,0.367379598319530,0.264804112259299
"1500",-0.480192030780017,0.139057439751923,-0.123846255708486
